ID,TYPE,PROGRAM,ORG PHONE,DISTADD,STBO,DISTZIP,DAYS,HOURS
85828,FP,ABUNDANT LIFE CHRISTIAN CHURCH FP,718-778-5833,579 GATES AVENUE,BK,11221,"SUN (1,3)",1:30-2:30PM
85670,FP,ACADEMY OF MEDICAL & PUBLIC HEALTH SERVICES (AMPHS),212-256-9036,5306 3RD AVENUE - 2ND FL,BK,11220,"SAT(1,3)",2-4PM
84948,FP,ACTS COMMUNITY DEVELOPMENT CORPORATION,(718) 415-1170,2114 MERMAID AVE,BK,11224,TUE/THUR,6-7:15M/11AM-2:15PM
84664,SK,ACTS COMMUNITY DEVELOPMENT CORPORATION,718-415-1170,2114 MERMAID AVE,BK,11224,WED/FRI,6-7:15PM
85247,FP,ADMIRABLE CHURCH INC,347-779-7192,1910 FLATBUSH AVENUE,BK,11210,SAT (4),10AM-12PM
85798,FP,AL-MADINAH SCHOOL INC,718-222-4986,383 3RD AVENUE,BK,11215,FRI (3RD),12:30-2:30PM
85537,FP,APNA FOOD PANTRY BRIGHTON BEACH,718-513-4700,225 NEPTUNE AVENUE,BK,11235,WED,2-3PM
85330,FP,BAY VIEW HOUSES RESIDENT ASSOCIATION,347-307-0030,2085 ROCKAWAY PARKWAY,BK,11236,"THUR (1,2,3)",9:30AM-1:30PM
85182,FP,BEDFORD CENTRAL PRESBYTERIAN CHURCH,718-467-0740,1200 DEAN STREET,BK,11216,"THUR (2,4)",10:30AM-2:30PM
83619,FPK,BENSONHURST COUNCIL OF JEWISH ORGANIZATIONS,(718) 333-1834,8635 21ST AVE,BK,11214,TUE,10AM-4PM
85386,FP,BETHANIE FRENCH SEVENTH DAY ADVENTIST CHURCH,929-340-4778,2059 BEDFORD AVENUE,BK,11226,"THUR (1,3)",10AM-12PM
85750,FP,BETHANY GOSPEL CHAPEL INC,718-929-1234,521 THOMAS S. BOYLAND STREET,BK,11212,"SAT(2,4)",6:30-7:30AM
81460,SK,BETHANY UNITED METHODIST CHURCH,(718) 774-5689,1208 ST. JOHN'S PLACE,BK,11213,TUE/ THUR(1ST),12:30-2:30PM/ 5-7PM
83492,SK,BETHEL SEVENTH DAY ADVENTIST CHURCH,718-783-3630,457 GRAND AVENUE,BK,11238,SUN,1-2PM
85527,FP,BETHLEM NATION'S FOOD PANTRY,718-257-8300,1962-84 LINDEN BLVD,BK,11207,SAT (4TH ONLY),10AM-12PM
85751,FP,BETTER COMMUNITY FOOD PANTRY,347-240-9352,218 BUFFALO AVENUE,BK,11213,SAT,9AM-1PM
81308,FP,BEULAH CHURCH OF GOD IN CHRIST JESUS,718-636-8500,956 MARCY AVENUE,BK,11216,"TUE,THUR",10:30AM-1PM
85553,FP,"BEYOND WALLS, INC",347-406-5878,188 EAST 53RD STREET,BK,11203,TUE,1:30-3PM
85346,FP,BLESSED ASSURANCE CHURCH OF GOD BLESSED ASSURANCE CHARITY I,917-889-4654,2093 FULTON STREET,BK,11233,SAT,9-11AM
81272,FP,BLESSED SACRAMENT CHURCH (BKLYN),(718) 827-1200,198 EUCLID AVENUE,BK,11208,WED,9:30-11:30AM
84982,FPK,BNAI RAPHAEL CHESED ORGANIZATION INC,718-951-2302,3846 FLATLANDS AVENUE,BK,11234,"M,TUE,W/THU/F,SUN",10A-3:3P/10A-5P/APPT ONLY
85684,FP,BRCDC FOOD PROGRAM,347-560-6700,9818 FORT HAMILITON PARKWAY,BK,11209,SAT,11AM-2PM
87115,SK,BROOKLYN FAITH SDA CHURCH,718-342-6712,5518 CHURCH AVENUE,BK,11203,FRI,12-3PM
83274,FP,BROOKLYN FAITH SEVENTH DAY ADVENTIST CHURCH,718-342-6712,5518 CHURCH AVENUE,BK,11203,THUR,1-4PM
85578,FP,BROOKLYN MEAL SHARE,NONE PROVIDED,1323 FOSTER AVENUE,BK,11230,SAT,5-7PM
84759,FP,BROOKLYN RESCUE MISSION URBAN HARVEST CENTER INC,917-426-3001,426 DECATUR STREET,BK,11233,"TUE,WED",10-11:30AM
81987,FP,BROWNSVILLE TEMPLE SEVENTH DAY ADVENTIST CHURCH,718-345-3689,1089 CLARKSON AVE,BK,11212,"SUN (1,3)",11AM-1PM
80336,FP,CALVARY PENTECOSTAL CHURCH,(718) 469-8252,151 WOODRUFF AVENUE,BK,11226,THUR,10AM-12PM
85563,FP,CAMP FRIENDSHIP FOOD PANTRY IN PARK SLOPE,718-965-3695,339 8TH STREET,BK,11215,SAT,9AM-12PM
81317,FP,CATHOLIC CHARITIES,718-722-6001,2866 WEST 17TH STREET,BK,11224,MON,9:30AM-1:30PM
85585,FP,CCC NEW YORK PARISH FOOD PANTRY OUTREACH PROGRAM,718-366-8065,1380 JEFFERSON AVENUE,BK,11237,SAT,10AM-2PM
85799,FP,CELESTIAL CHURCH OF CHRIST ILERI PARISH,718-624-8758,138 WAVERLY AVENUE,BK,11205,SAT (2ND),12-3PM
ID,TYPE,PROGRAM,ORG PHONE,DISTADD,STBO,DISTZIP,DAYS,HOURS
80413,FP,CENTER FOR FAMILY LIFE,(718) 492-3585,443 39TH STREET,BK,11232,"TUE, W, THUR",1-4PM
85763,FPK,CHABAD - OCEANVIEW JEWISH CENTER,718-796-2462,3100 BRIGHTON 4TH STREET,BK,11235,MON (1),10-11AM
81748,FP,CHANCE FOR CHILDREN,347-616-3228,11 McKEEVER PLACE - 1ST FLOOR (BASEMENT LEVEL),BK,11225,FRI,10AM-12:30PM
81352,FP,CHILD DEVELOPMENT SUPPORT CORPORATION,718-398-2050,352-358 CLASSON AVE,BK,11238,THUR,11AM-3PM
85276,FP,CHILDREN OF THE LIGHT INTERNATIONAL MINISTRIES INC,347-794-4130,1171 EAST 95TH STREET,BK,11236,"M,W,F,SAT",10AM-3PM
85322,FP,CHRIST APOSTOLIC CHURCH GOKE FOOD PANTRY,718-284-7479,622 CORTELYOU ROAD,BK,11218,"TUE(1,3)/SAT(2,4)",2-4PM/9AM-1PM
84221,FP,CHRISTIAN CULTURAL CENTER,718-306-1021,12020 FLATLANDS AVENUE,BK,11207,THUR,9AM-3PM
81051,FP,CHRISTIAN FELLOWSHIP SEVENTH DAY ADVENTIST COMMUNITY SVCS-F.P,718-916-0956,777 SCHENECTADY AVENUE,BK,11203,"WED(1,2,3,4)",10:30AM-12:30PM
80241,SK,CHRISTIAN FELLOWSHIP SEVENTH DAY ADVENTIST COMMUNITY SVCS-S.K,718-916-0956,777 SCHENECTADY AVENUE,BK,11203,"MON,TUE,WED",5-6PM
81742,FP,"CHURCH AVENUE MERCHANTS BLOCK ASSOC., INC/CAMBA FOOD PANTRY",718-282-3082,21 SNYDER AVENUE,BK,11226,"TUE, THUR",10AM-1PM
82296,FP,CHURCH OF GOD (BK),(718) 346-4897,627-29 REMSEN AVE,BK,11236,SAT,12-2:30PM
82119,FP,CHURCH OF GOD FEEDING THE HUNGRY,718-230-5955,836 CLASSON AVE,BK,11238,THUR,10AM-12PM
84002,FP,CHURCH OF GOD INC.,(718) 493-3031,1011 WINTHROP STREET,BK,11212,SAT,12-1PM
87341,FP,CHURCH OF GOD OF SALVATION,718-693-6486,1615 NOSTRAND AVE,BK,11226,WED/THUR,2-4PM/10AM-4PM
84148,FP,CHURCH OF GOD PROPHECY,718-649-5533,71 MALTA STREET,BK,11207,"TUE (2,4)",3:30-6PM
83895,SK,CHURCH OF GOD PROPHECY,718-649-5533,71 MALTA STREET,BK,11207,"TUE (2,4)",3:30-6PM
85293,FP,CHURCH OF PRAISE AND WORSHIP GOD IN CHRIST,347-462-5679,526 RALPH AVENUE,BK,11233,SAT,10AM-1PM
85351,FPM,CITY HARVEST - BED-STUY MOBILE MARKET,646-412-0740,736 PARK AVENUE,BK,11206,"WED(3),SAT(1)",9:30-11:30AM
85705,FP,CITY OF REFUGE FP,929-289-2267,1115 BLAKE AVENUE,BK,11208,WED,9:30AM-12PM
85695,FP,COLLECTIVE FOCUS FOOD JUSTICE PANTRY PROGRAM,NONE PROVIDED,1046 BROADWAY,BK,11221,TUE,1-3PM
85642,FP,COMMUNITY CARE FOOD PANTRY,917-304-3406,1387 EAST 37TH STREET,BK,11210,SAT,11AM-2:30PM
81178,FP,COMMUNITY HELP IN PARK SLOPE,718-237-2962,200 FOURTH AVENUE,BK,11217,"THUR,SAT",11:30AM-1PM
80236,SK,COMMUNITY HELP IN PARK SLOPE INC,(718) 237-2962,200 FOURTH AVENUE,BK,11217,MON-SAT,9-10:30AM & 11:30AM-1PM
84189,FP,COMMUNITY SERVICES HOUSING DEVELOPMENT CORP.,646-794-5961,547 HOWARD AVE,BK,11233,THUR,10AM-12PM
82837,FP,COMPASSION HOUSE COMMUNITY DEVELOPMENT CORPORATION,(718) 386-8151,43 GEORGE STREET,BK,11206,"THUR (1,3)",9-11:30AM
85468,FPH,COPO FOOD PANTRY,718-434-3266,1077 CONEY ISLAND AVENUE,BK,11230,FRI,10:30AM-4:30PM
82057,FP,CORNERSTONE SEVENTH DAY ADVENTIST CHURCH,917-915-6769,138 PENNSYLVANIA AVE,BK,11207,THUR,10AM-1PM
82058,SK,CORNERSTONE SEVENTH DAY ADVENTIST CHURCH,917-915-6769,138 PENNSYLVANIA AVE,BK,11207,SUN,11:30AM-1PM
80260,FPK,CROWN HEIGHTS JEWISH COMMUNITY COUNCIL,718-771-9000,899 MONTGOMERY STREET,BK,11213,WED,1:30-3PM
85603,FP,EAST NEW YORK SEVENTH DAY ADVENTIST CHURCH,718-647-0764,511 ELTON STREET,BK,11208,"THUR(2,4)",11AM-2PM
84137,FP,EAST NEW YORK WESLEYAN CHURCH/NEW HOPE FAMILY WORSHIP CENT,718-342-1305,817 LIVONIA AVENUE,BK,11207,SAT,11AM - 1PM
80269,FP,EBENEZER SEVENTH DAY ADVENTIST CHURCH,718-879-0542,1234 EAST NEW YORK AVENUE,BK,11212,WED,10:30AM-12PM
ID,TYPE,PROGRAM,ORG PHONE,DISTADD,STBO,DISTZIP,DAYS,HOURS
81479,FP,EMMAUS SEVENTH DAY ADVENTIST CHURCH,704-502-1450,1144 FLATBUSH AVENUE,BK,11226,TUE,12:30-2PM
85550,FP,EVANGELICAL CRUSADE FOOD PANTRY,718-734-7250,557 EAST 31ST STREET,BK,11210,"WED (2,4)",2-4PM
83445,FP,"FAITH CENTER FOR HUMAN SERVICES, INC",646-431-9729,1014-18 GATES AVENUE,BK,11221,SAT,9:30AM-12PM
81431,SK,"FAITH CENTER FOR HUMAN SERVICES, INC",646-431-9729,1014-18 GATES AVENUE,BK,11221,SAT,9:30AM-12PM
83616,FP,FAMILY LIFE DEVELOPMENT CENTER,(718) 636-4938,1476 BEDFORD AVENUE,BK,11216,MON,4-6PM
81578,FP,FAMILY SERVICE NETWORK OF N.Y. INC,718-455-6010,1420 BUSHWICK AVENUE,BK,11207,"MON,WED",9AM-1PM
83444,FP,FERNANDE VALME' MINISTRIES INC,(718) 284-1809,1120 FLATBUSH AVE,BK,11226,THUR,10-11AM
85555,FPK,FLATBUSH COMMUNITY FUND,718-850-3545,1968 FLATBUSH AVENUE,BK,11234,THUR,12-2PM
82347,FP,FLATBUSH SEVENTH DAY ADVENTIST CHURCH,718-693-9180,261 EAST 21ST STREET,BK,11226,MON,11AM-1PM
82188,FP,"FOOD FIRST, INC",917-560-1119,165 CONOVER STREET,BK,11231,WED/FRI,11AM-1PM/10AM-12PM
84151,FP,GETHSEMANE SEVENTH DAY ADVENTIST CHURCH,718-467-4181,357 EMPIRE BLVD,BK,11225,SUN/WED,12-1PM/5-6PM
83907,FP,GLOVER MEMORIAL BREAD OF LIFE FOOD PANTRY,929-453-9611,2134 DEAN STREET,BK,11233,WED,12-2PM
80284,FP,GOD'S BATTALION OF PRAYER CHURCH,(718) 774-5447,661 LINDEN BOULEVARD,BK,11203,"TUE,THUR",9AM-12PM
83282,FP,"GOD'S DELIVERANCE TEMPLE, INC",347-234-3828,438 RALPH AVENUE,BK,11233,TUE,11AM-12PM
82319,FP,GOSHEN TEMPLE OF SEVENTH DAY ADVENTIST CHURCH,917-847-5528,2414 CHURCH AVENUE,BK,11226,WED,1-3PM
85606,FP,GRANT HOUSE UNITY CORPORATION,631-652-3700,2046 FLATBUSH AVENUE,BK,11234,"W,THU",11AM-4PM
85083,FP,GREENPOINT REFORMED CHURCH FOOD PANTRY,517-643-2998,136 MILTON STREET,BK,11222,THUR,4-7PM
80289,FP,HANSON PLACE SEVENTH DAY ADVENTIST CHURCH,718-230-0229,88 HANSON PLACE,BK,11217,THUR,1:30-5PM
85477,FP,HEALTH ESSENTIAL ASSOCIATION CPMM,646-515-6898,2336 86TH STREET,BK,11214,"THUR (1,3)",10AM-12PM
85315,FP,HEALTH ESSENTIAL ASSOCIATION INC,646-515-6898,2101 EAST 16TH STREET - 2ND FLOOR,BK,11229,FRI (4TH),10AM-12PM
85512,FPK,HEBREW EDUCATIONAL SOCIETY,718-241-3000,9502 SEAVIEW AVENUE,BK,11236,"M,W,TH/TUE/SUN",9A-2P/1-6PM/12-2PM
80291,FP,HEBRON SEVENTH DAY ADVENTIST CHURCH,(718) 778-6454,1256 DEAN STREET,BK,11216,"WED(1,3)",9-10:30AM
80292,SK,HEBRON SEVENTH DAY ADVENTIST CHURCH,(718) 778-6454,1256 DEAN STREET,BK,11216,SUN,12:30-2PM
80296,FP,HOLY CROSS FOOD PANTRY - BROOKLYN,(718) 469-5900,2530 CHURCH AVENUE,BK,11226,"TUE,THUR",2-3:30PM
84087,FP,HOPE CENTER DEVELOPMENT CORPORATION,(718) 385-1043,414 EAST 95TH STREET,BK,11212,"SAT(1,2,3,4)",11AM-1:30PM
83941,SK,HOPE CENTER DEVELOPMENT CORPORATION,(718) 385-1043,409 EAST 95TH STREET,BK,11212,"SAT(1,2,3,4)",11AM-1:30PM
85704,FP,HOPE EMPOWERMENT AND DEVELOPMENT ZONE FOOD PANTRY,718-568-7072,369 NEW LOTS AVENUE,BK,11207,SAT (3RD),12-4PM
80299,FP,HOREB SEVENTH DAY ADVENTIST COMMUNITY SERVICES,718-778-7373,520 KINGSTON AVE,BK,11225,TUE,10-11AM
83514,FP,HOUSE OF DAVID WORSHIP CENTER,718-649-5982,747-749-HENDRIX STREET,BK,11207,WED,10:30AM-12:30PM
85683,FP,ICL AND CHN FOOD PANTRY,718-495-6700,2581 ATLANTIC AVENUE,BK,11207,WED,10AM-1PM
85720,FPH,ICNA RELIEF QUBA PANTRY,214-463-3227,634 RUGBY ROAD,BK,11230,TUE,1-3PM
85479,FPH,ICNA RELIEF USA FOOD PANTRY,718-658-2028,273 NEPTUNE AVENUE,BK,11235,MON,12-1PM
ID,TYPE,PROGRAM,ORG PHONE,DISTADD,STBO,DISTZIP,DAYS,HOURS
83275,FP,IMMANUEL FIRST SPANISH UNITED METHODIST CHURCH,718-624-3300,424 DEAN STREET,BK,11217,TUE,1-2:45PM
84103,FP,INTERNATIONAL PENTECOSTAL CITY MISSION,(718) 342-9005,9202-14 CHURCH AVE,BK,11236,SAT,11AM-1PM
83583,FP,ISAIAH'S TEMPLE OF MT. HOPE,(718) 277-4038,862 GLENMORE AVE,BK,11208,THUR,2-4PM
83555,SK,ISAIAH'S TEMPLE OF MT. HOPE,(718) 277-4038,862 GLENMORE AVE,BK,11208,"TUE,THUR",2-4PM
81168,FPK,JEWISH COMMUNITY COUNCIL OF CANARSIE   #1,718-922-2474,1170 PENNSYLVANIA AVE,BK,11239,WED,9-11AM
85801,FP,KINGDOM GLOBAL MISSIONS,718-310-5677,2945 WEST 33RD STREET,BK,11224,"SAT (1,3)",12-3PM
80249,FPK,KINGS BAY Y FOOD PANTRY,718-648-7703,3495 NOSTRAND AVENUE,BK,11229,FRI(2),9:30-11AM
85566,FP,LADIES IN WAITING,718-469-8816,276 FENIMORE STREET,BK,11225,TUE,10AM-1PM
83936,FP,LAS MARAVILLAS DEL EXODO,347-691-8340,302 ELTON STREET,BK,11208,WED,9-11AM
85540,FP,LIFEBRIDGE NY,718-233-5004,1895 FLATBUSH AVENUE,BK,11210,WED,5-7PM
85262,FP,LITTLE JERUSALEM HOUSE OF PRAYER,718-922-7446,447 HERZL STREET,BK,11212,"SAT (2,4)",1-2PM
85827,FP,LOUISEA MAZE EMILE COMMUNITY SERVICE,347-639-3165,1757 PRESIDENT STREET,BK,11213,FRI,10AM-12PM
83811,FP,MAKE THE ROAD NEW YORK,(718) 418-7690,301 GROVE STREET,BK,11237,FRI,8-11AM
85338,FP,MAMRE ENRICHMENT PROGRAM,646-617-8775,1623 UTICA AVENUE,BK,11234,"SUN (1,3)",10AM-12PM
85200,FPK,MASBIA OF FLATBUSH,718-972-4446,1372 CONEY ISLAND AVE,BK,11230,MON-THUR,12-8PM
85170,SKK,MASBIA OF FLATBUSH,718-972-4446,1372 CONEY ISLAND AVE,BK,11230,MON-THUR,6-8PM
85215,FPM,METRO MINISTRIES INTERNATIONAL,718-453-3352,871 BUSHWICH AVENUE,BK,11221,"SAT (1,3)",10:30AM-12PM
85086,FPK,METROPOLITAN COUNCIL ON JEWISH POVERTY,718-763-5318,5361 PRESTON COURT,BK,11234,"TUE,THUR",3-5PM
85476,FP,MOUNT CARMEL WORSHIP AND OUTREACH CENTER,(917) 982-7987,784 EAST 46TH STREET,BK,11203,MON,12-2PM
81698,FP,MOVEMENT OF PENTECOSTAL CHRISTIAN CHURCH,347-219-0947,90-92 SUMMIT STREET,BK,11231,SUN,12:30-2PM
85148,FP,MT. HEBRON CHURCH OF CHRIST,347-454-4915,167 CHESTER STREET,BK,11212,SAT,9-10:30AM
85714,FPH,MUNA SOCIAL SERVICE AN-NAMIRAH,212-920-6202,2135 PITKIN AVENUE,BK,11207,"MON(1,3)",2-3PM
85716,FPH,MUNA SOCIAL SERVICE BROOKLYN ISLAMIC CENTER,212-920-6202,722 CHURCH AVENUE,BK,11218,"MON(2,4)",3-4PM
85715,FPH,MUNA SOCIAL SERVICE DOWNTOWN BROOKLYN,212-920-6202,50 NEW YORK AVENUE,BK,11216,"MON(1,3)",4-5PM
85711,FPH,MUNA SOCIAL SERVICE EAST FLATBUSH,212-920-6202,167 EAST 43RD STREET,BK,11203,"MON(2,4)",5-6PM
85579,FPH,MUNA SOCIAL SERVICE INC,347-400-2644,1033 GLENMORE AVENUE,BK,11208,WED,3-5PM
85742,FPH,MUSLIMS GIVE BACK,347-435-7115,273 54TH STREET,BK,11220,SAT,10AM-12PM
85819,FP,MYLAH'S ORGANIZATION INC,NONE PROVIDED,447 NEW LOTS AVENUE,BK,11207,"TUE, THUR",10:30AM-1PM
81402,FPK,NAT'L COMM. FOR FUTH. OF JEWISH ED.(UC),(718) 735-0200,824 EASTERN PARKWAY,BK,11213,FRI,12-1PM
80332,SK,NEIGHBORS TOGETHER,(718) 498-7256,2094 FULTON STREET,BK,11233,M-F/M-THUR,12-2PM/4-6PM
85240,FP,NEW HOPE PENTECOSTAL CHURCH OF JESUS CHRIST INC,NONE PROVIDED,1838 PARK PLACE,BK,11233,"SAT(2,4)",12-2PM
82186,FP,NEW LIFE SEVENTH DAY ADVENTIST CHURCH,718-385-0463,885-87 THOMAS BOYLAND STREET,BK,11212,MON/TUE/SUN,5-7PM/6-8PM/8-10AM
ID,TYPE,PROGRAM,ORG PHONE,DISTADD,STBO,DISTZIP,DAYS,HOURS
83582,SK,NEWMAN MEMORIAL UNITED CHURCH COMMUNITY DEVELOPMENT CORP.,718-622-7955,257 MACON STREET,BK,11216,SAT,10AM-2PM
81514,FP,NEWMAN MEMORIAL UNITED METHODIST CHURCH COMMUNITY DEVELOPM,(718) 622-7955,257 MACON STREET,BK,11216,SAT,10AM-2PM
80204,FP,NEXT STEP COMMUNITY CHURCH,(718) 875-1858,360 SCHERMERHORN STREET,BK,11217,"SAT (2,3,4)",9-10:30AM
85309,SK,NEXT STEP COMMUNITY CHURCH,718-875-1858,360 SCHERMERHORN STREET,BK,11217,"M,TUE,WED",9-10AM
83344,FP,NORTHEAST BROOKLYN HOUSING DEVELOPMENT CORPORATION,718-453-9490,376 THROOP AVENUE,BK,11221,"TUE,THUR/SAT (3RD)",9AM-12PM/10AM-12PM
81065,FP,OPEN DOOR FAMILY LIFE CENTER INC,718-455-3545,999 GREEN AVENUE,BK,11221,SAT,8:30-10:30AM
85299,FP,OPEN DOOR TO HEAVEN OUTREACH MINISTRY INC,347-822-0714,474 SHEPHERD AVENUE,BK,11208,SAT (3),1-2PM
83913,SK,OPIN (OTHER PEOPLE IN NEED),718-421-0148,1768 ST. JOHNS PLACE,BK,11233,FRI,2-4PM
80341,FP,OUR LADY OF ANGELS HUMAN SERVICES,718-726-9790,336 73RD STREET,BK,11209,WED,9:30AM-12PM&1:30-3PM
80343,FP,OUR LADY OF GRACE PARISH MINISTRY,718-645-2120,2322 EAST 4TH STREET,BK,11223,"M,W,THUR",9-11:30AM
83503,SKM,OUR LADY OF GRACE PARISH MINISTRY,718-645-2120,3162 BRIGHTON 4TH STREET,BK,11223,WED,12-12:30PM
80345,FP,OUR LADY OF MERCY CHURCH,(718) 346-3166,680 MOTHER GASTON BLVD.,BK,11212,"MON,FRI",9-11AM
82904,FP,OUR LADY OF MIRACLES-CANARSIE CLUSTER CENTER,718-257-2400,757 EAST 86TH STREET,BK,11236,SAT,10-11:30AM
80347,FP,OUR LADY OF REFUGE R.C. CHURCH,(718) 434-2090,2020 FOSTER AVE.,BK,11210,WED,10AM - 1PM
85802,FP,"PASWO (PAKISTANI AMERICAN SKILLED WOMEN ORGANIZATION, INC)",929-527-6842,930 DITMAS AVENUE,BK,11218,WED,1-3PM
85580,FP,PAYO FOOD PANTRY,718-713-2000,1045 CONEY ISLAND AVENUE,BK,11230,THUR,3-5PM
85685,FPM,PAYO MOBILE FOOD PANTRY,718-713-2000,2483 65TH STREET,BK,11204,FRI,1:30-2:30PM
85235,FP,PENIEL HAITIAN CHURCH OF C AND MA,718-469-3685,2741 ALBEMARLE ROAD,BK,11226,SAT/SAT(2ND),10AM-12PM/1-3PM
85373,FP,PENIEL SEVENTH DAY ADVENTIST CHURCH,518-652-3246,1210 UTICA AVENUE,BK,11203,FRI,10AM-12PM
80691,FP,PEOPLES BAPTIST CHURCH,718-676-0318,105 RIVERDALE AVENUE,BK,11212,"SAT (2,4)",12-2PM
85227,FP,PRESBYTERIAN CHURCH OF THE CROSSROADS,646-322-3992,133 ELTON STREET,BK,11208,"WED (2,4)",10AM-12PM
81586,FP,REACHING-OUT COMMUNITY SERVICES INC,(718) 373-4565,6417 18TH AVENUE,BK,11204,MON-FRI,9AM-5PM
85667,FP,RED HOOK COMMUNITY - REDEMPTION CHURCH,347-526-2697,27 HUNTINGTON STREET,BK,11231,THUR,10AM-12PM
85118,FP,REDEEMED CHRISTIAN CHURCH OF GOD INTERNATIONAL CHAPEL,347-955-4403,781 EAST 93RD STREET,BK,11236,SAT,12-2PM
81564,FP,SALT & SEA MISSION CHURCH INC.,917-873-9261,2417-2419 STILLWELL AVE,BK,11223,"TUE,THUR,SUN",10:30AM-12:45PM
83318,FP,"SANCTIFIED CHURCH OF GOD, INC/COMMUNITY FEEDING PROGRAM",718-493-2385,404 LEFFERTS AVE,BK,11225,SAT,12-1PM
85237,FP,"SECOND ST. PAUL CHURCH OF CHRIST, DISCIPLE OF CHRIST, INC",718-235-8922,1048 SUTTER AVE,BK,11208,"SAT(2,4)",8-10AM
84206,FPK,SEPHARDIC BIKUR HOLIM FOOD PANTRY,718-787-1100,425 KINGS HIGHWAY,BK,11223,"M,TU,W,TH/FRI/TU,TH",9A-12:30P/9-11A/2-3:30P
81156,FPK,SHALOM SENIOR CENTER,(718) 774-9213,483 ALBANY AVE,BK,11203,MON-THUR/FRI,1-2PM/12-1PM
81207,FP,SILOAM PRESBYTERIAN CHURCH FOOD PANTRY,(718) 789-7050,260 JEFFERSON AVENUE,BK,11216,WED,10AM-12PM
85325,FP,SISTERS WITH PURPOSE INC,646-460-4101,1540 VAN SICLEN AVE,BK,11239,SAT,9-10AM
81646,FP,SOLID ROCK BAPTIST CHURCH,(718) 384-8764,120 TOMPKINS AVE,BK,11206,"MON,THUR",9AM-12PM
ID,TYPE,PROGRAM,ORG PHONE,DISTADD,STBO,DISTZIP,DAYS,HOURS
83348,FP,SOUTH BKLYN SEVENTH DAY ADVENTIST CHURCH COMMUNITY SERVICE P,(718) 783-1662,42 PROSPECT PLACE,BK,11217,"SUN(1,3)",11AM-2PM
83174,FP,"SOUTHSIDE UNITED H.D.F.C., INC - LOS SURES",718-599-1940,145 SOUTH 3RD STREET,BK,11211,TUE,9AM-12PM
80382,FP,ST. ATHANASIUS R.C. CHURCH FP,718-236-0124,2154 61ST STREET,BK,11204,MON,3:15-5PM
85250,SK,ST. GEORGE'S EPISCOPAL CHURCH,718-789-6036,800 MARCY AVENUE,BK,11216,TUE-THUR,12:30-2PM
84230,FP,ST. GEORGE'S EPISCOPAL CHURCH FOOD PANTRY,718-789-6036,800 MARCY AVENUE,BK,11216,FRI,10AM-2PM
81626,FP,ST. JOHN'S BREAD & LIFE FOOD PANTRY,(718) 574-0058,795 LEXINGTON AVE,BK,11221,MON-THUR,8AM-1PM
80393,SK,ST. JOHN'S BREAD & LIFE PROGRAM,(718) 574-0058,795 LEXINGTON AVE,BK,11221,MON-THUR,9AM-12:30PM
85558,FP,ST. MARK'S UNITED METHODIST CHURCH,718-282-6304,2017 BEVERLEY ROAD,BK,11226,FRI,12-3PM
85316,FP,ST. PAUL PENTECOSTAL CHURCH,917-604-9644,133 THOMAS S BOYLAND STREET,BK,11233,SAT,11AM - 1PM
80401,FP,ST. PHILIP'S EPISCOPAL/ST. BENEDICT'S PANTRY,(718) 778-8700,265 DECATUR STREET,BK,11233,WED,11AM-1PM
81324,FP,ST. STEPHEN OUTREACH COMMUNITY DEVELOPMENT CORPORATION,718-938-4532,874 MYRTLE AVENUE,BK,11206,"WED,FRI",9-10:30AM
81412,SK,ST. STEPHEN OUTREACH COMMUNITY DEVELOPMENT CORPORATION,718-938-4532,874 MYRTLE AVENUE,BK,11206,WED-FRI,11AM-1PM
85229,FP,ST. THERESE OF LISIEUX R.C. CHURCH,718-451-0683,4410 AVENUE D,BK,11203,TUE,10:30AM-12:30PM
84761,FP,THE CHURCH OF ST. MARK,(718) 756-6607,1417 UNION STREET,BK,11213,"FRI(1,2,3,4)",11:30AM-1:30PM
83608,FP,THE CITY OF GRACE INC,(718) 693-7074,3402 TILDEN AVENUE,BK,11203,TUE,11AM-1PM
80366,FP,THE SALVATION ARMY BEDFORD TEMPLE CORPS,718-721-9046,601 LAFAYETTE AVENUE,BK,11216,WED,10AM-12PM
81057,FP,THE SALVATION ARMY BUSHWICK CORPS,(718) 455-4102,1151 BUSHWICK AVENUE,BK,11221,"MON,TUE,THUR",10AM-12:30PM
80364,SK,THE SALVATION ARMY BUSHWICK CORPS,(718) 455-4102,1151 BUSHWICK AVENUE,BK,11221,"M,TU,TH,FRI",12:30-2PM
80357,FP,THE SALVATION ARMY SUNSET PARK CORPS,(718) 438-1771,520 50TH STREET,BK,11220,"TUE,WED,THUR",10AM-12PM
83082,SK,THE SALVATION ARMY SUNSET PARK CORPS,(718) 438-1771,520 50TH STREET,BK,11220,TUE-THUR,12:30-1:30PM
85498,FP,THE TABLE AT THE FAMILY SUPPORT CENTER AT NYU LANGONE,718-630-7171,550 59TH STREET,BK,11220,FRI,9AM-12PM
85561,FP,THE TEMPLE OF RESTORATION TTOR FOOD PANTRY,646-863-4239,18 HERKIMER PLACE,BK,11216,"THUR,THUR/SAT",10AM-4PM/10AM-1PM
84354,FP,THURSTON MEMORIAL OUTREACH MINISTRIES,(718) 452-3646,1243 BUSHWICK AVE,BK,11221,FRI,2-4:30PM
83364,FPK,TOMCHE SHABBOS OF BORO PARK,(718) 259-5576,6225 NEW UTRECHT AVE,BK,11219,WED,3-5PM
80419,FP,TRANSFIGURATION CHURCH,718-782-8181,263 & 280 MARCY AVENUE,BK,11211,"TUE, WED",9AM-12PM
85506,FP,TREASURES IN EARTHEN JARS FOOD PANTRY,718-308-9147,4124 AVENUE H,BK,11210,SAT,1-3PM
80421,FP,TRINITY HUMAN SERVICE CORPORATION,(718) 388-3176,153 A JOHNSON AVENUE,BK,11206,TUE-FRI,9AM-12PM&1-4PM
82195,FP,TRUE HOLY CHURCH OF GOD IN CHRIST JESUS,(718) 385-0248,2364 ATLANTIC AVENUE,BK,11233,SAT,10AM-12PM
85139,SK,UNITED COMMUNITY BAPTIST CHURCH,718-467-7708,545 UTICA AVENUE,BK,11203,SAT,10AM-12PM
83449,FP,URBAN STRATEGIES INC,(718) 346-2539,61-71 RIVERDALE AVENUE,BK,11212,TUE,8-10AM
85743,FP,VINEGAR HILL FOOD PANTRY,908-403-5755,228 YORK STREET,BK,11201,"TUE (2,4)",12-1PM
85661,FP,WE CREATE COMMUNITY FOOD PANTRY,347-409-5414,8501 NEW UTRECHT AVENUE,BK,11214,THUR,10:30-11:30AM
ID,TYPE,PROGRAM,ORG PHONE,DISTADD,STBO,DISTZIP,DAYS,HOURS
85549,FP,WORLD FOR CHRIST FOOD SERVICES,347-249-8928,1091 CLARKSON AVENUE,BK,11212,"SAT(2,4)",10AM-12PM
83820,FP,YMCA COMMUNITY MARKET-NORTH BROOKLYN YMCA,212-912-2230,570 JAMAICA AVENUE,BK,11208,"TUE(1,3)",12-5PM
81699,FPK,ZICHRON ACHEINU LEVY-MENACHEM TZION,347-742-0552,4518 11TH AVENUE,BK,11219,WED,10-11AM
81061,FP,"ABRAHAM HOUSE, INC",718-292-9321,340 WILLIS AVENUE,BX,10454,SAT,9-11AM
85455,FP,ABUNDANT GRACE FOR THE FORSAKEN FOOD PANTRY,347-350-4698,3101 EASTCHESTER ROAD,BX,10469,SAT,9-11AM
85729,FP,ADMIRABLE CHRIST MINISTRIES FOOD PANTRY,570-856-7065,2361 MACLAY AVENUE,BX,10462,SAT,2-3PM
85545,FP,ASH-SHIFAA INC FP,646-353-0859,2269 CROTONA AVENUE,BX,10457,M-THUR/FRI,1-5PM/2-5PM
80085,FP,BLACK FORUM OF CO-OP CITY,(718) 320-8035,920 BAYCHESTER AVE (REAR LOBBY LEVEL),BX,10475,"THUR,FRI",11AM-12:45PM
81597,FPHA,BOOM! HEALTH,718-295-5960,3144 3RD AVENUE,BX,10451,"MON,WED,THUR",11AM-12:30PM
85317,FP,BREAD OF LIFE FOOD PANTRY,347-235-3723,1104 ELDER AVENUE #15,BX,10472,SAT,1:30 - 4:30PM
85109,FP,BRONX BETHANY COMMUNITY CORPORATION,718-697-9672,971 EAST 227TH STREET,BX,10466,"WED(1,2,3,4)/TH(1,2,3,4)",9-11AM/3-6PM
80026,FP,BRONX SEVENTH DAY ADVENTIST CHURCH,646-353-8926,1695 WASHINGTON AVENUE,BX,10457,THUR,2-5PM
80029,FP,BRONX TEMPLE SEVENTH DAY ADVENTIST CHURCH,718-842-4504,495 WILLIS AVENUE,BX,10455,"M,W,THUR",11:30AM-2:30PM
85786,FP,CALVARY UNITED METHODIST CHURCH FOOD PANTRY,718-299-4732,1885 UNIVERSITY AVENUE,BX,10453,FRI,11AM-1PM
85818,FP,CARING SHEPERD SUPPLIES MINISTRIES INC,917-743-0780,4056 BARNES AVENUE,BX,10456,"THUR (1, LAST)",4-6PM
82750,FP,CCCS BRONX FOOD PANTRY,718-292-9090,402 EAST 152ND STREET,BX,10455,"WED/THUR,FRI",4-6PM/10AM-12PM
85795,FP,CHAPEL OF THE GREAT RESTORER FOOD PANTRY,718-673-8139,1121 LONGWOOD AVENUE,BX,10474,SAT (2ND),12-2PM
85225,FP,CHRIST DISCIPLES INTERNATIONAL MINISTRIES,917-999-8459,3021-31 WEBSTER AVENUE,BX,10467,"MON,WED/SAT",10AM-3PM/9:30AM-12:30PM
85703,FP,CHURCH OF GOD OF BRONXWOOD AVENUE,718-652-0337,3232 LURTING AVENUE,BX,10469,WED/SAT,10AM-2PM
85823,FP,CHURCH OF GOD OF WOODYCREST AVENUE,718-992-4087,923 WOODYCREST AVENUE,BX,10452,"SAT(2,4)",10AM-1PM
80175,FP,CHURCH OF ST. NICHOLAS OF TOLENTINE,718-295-6800,2345 UNIVERSITY AVE (BASEMENT FORDHAM RD ENT.),BX,10468,TUE,9-11AM
85482,FP,CHURCH OF THE ATONEMENT FOOD PANTRY,718-828-6078,1344 BEACH AVENUE,BX,10472,"SAT (2,4)",10AM-12PM
85353,FPM,CITY HARVEST - MELROSE MOBILE MARKET,646-412-0740,286 EAST 156TH STREET,BX,10451,"WED(4),SAT(2)",9:30-11:30AM
85355,FPM,CITY HARVEST - ST. MARY'S MOBILE MARKET,646-412-0740,595 TRINITY AVENUE,BX,10455,"TUE(4),SAT(2)",9:30-11:30AM
85307,FP,COOP CITY SDA CHURCH FOOD PANTRY,718-320-0518,1010 BAYCHESTER AVENUE,BX,10475,WED,5:30-7PM
81347,SK,"CRESTON AVENUE BAPTIST CHURCH OF CHRIST, INC",(718) 367-1754,114 EAST 188TH STREET,BX,10468,SAT,12-2PM
81348,FP,"CRESTON AVENUE BAPTIST CHURCH, INC",(718) 367-1754,114 EAST 188TH STREET,BX,10468,"MON,WED,FRI",12-2PM
87062,FP,DAVIDSON COMMUNITY CENTER INC,718-731-6360,2038 DAVIDSON AVENUE,BX,10453,FRI,5-8PM
85765,FP,"DISCIPLES OF GALILEE, INC",347-293-6166,725 CASTLE HILL AVENUE,BX,10473,WED/FRI,3-4PM/1-:2:30PM
85805,FP,EASTCHESTER PRESBYTERIAN CHURCH,718-920-0679,3154 FISH AVENUE,BX,10469,SAT (3RD),10-11AM
81315,SK,EASTCHESTER PRESBYTERIAN CHURCH,(718) 798-1855,3154 FISH AVENUE,BX,10469,THUR,5-6PM
85003,FP,EMANUEL PENTECOSTAL FAITH CHURCH,718-842-4092,1310 ELDER AVE,BX,10472,WED,12-2PM
ID,TYPE,PROGRAM,ORG PHONE,DISTADD,STBO,DISTZIP,DAYS,HOURS
81145,FP,FELLOWSHIP COVENANT CHURCH,718-829-2116,720 CASTLE HILL AVENUE,BX,10473,WED,9-11:30AM
85796,FP,FOOD AND NUTRITION SERVICES PROGRAM,347-974-7397,1802 CROTONA AVENUE,BX,10467,WED,10AM-4PM
80065,FP,GETHSEMANE BAPTIST CHURCH,347-948-0772,771 FAIRMOUNT PLACE,BX,10460,THUR,8-10AM
85560,FP,GIVE BY GRACE WHAT BY GRACE YOU HAVE RECEIVED INC,718-710-9339,936 EAST 165TH STREET,BX,10459,FRI,12-1:30PM
82096,FP,GIVE THEM TO EAT,646-522-2635,800 EAST 156TH STREET,BX,10455,FRI,11AM-2PM
85533,FP,GOOD NEIGHBOR COMMUNITY OUTREACH AGENCY INC,718-652-3288,3356 SEYMOUR AVENUE,BX,10469,WED/FRI,12-2PM/7-9PM
85699,FP,GRACE & PEACE FOOD BANK,718-924-8839,525 COMPTON AVENUE,BX,10473,"SAT (1,3)",9AM-12PM
81436,SK,GRACE EPISCOPAL CHURCH,(718) 542-1946,1909 VYSE AVENUE,BX,10460,SAT,12-1:30PM
81113,FP,GRAND CONCOURSE SEVENTH DAY ADVENTIST CHURCH,718-681-2232,1275 GRAND CONCOURSE,BX,10452,WED(CLOSED 5TH WED),1:30-4PM
85803,FP,GURU SEVA HIDU MILAN MANDIR CULTURAL GROUP,347-951-5669,3201 BRUCKNER BLVD,BX,10461,SAT,11AM-3PM
84228,FP,HEAVENLY VISION CHRISTIAN CENTER,(718) 220-8124,2868 JEROME AVE,BX,10468,TUE,9-10:30AM
85719,FPH,ICNA RELIEF BURKE AVENUE BRONX PANTRY,214-463-3227,1277-D BURKE AVENUE,BX,10469,SAT,9-11AM
85285,FP,INSPIRATIONAL GOSPEL ASSEMBLY,347-758-6447,1211 BROOK AVENUE,BX,10456,SAT,11AM-1PM
85505,FP,JAMAICA BENEVOLENT ARM & CULTURAL CENTER,646-907-9858,2230 LIGHT STREET,BX,10466,SAT,10AM-12PM
85736,FP,"JESUS RECONCILIATION MINISTRIES, INC",718-844-8704,4051 BARNES AVENUE,BX,10466,"SAT (2,4)",12-2PM
80086,FPK,JEWISH COMMUNITY COUNCIL OF PELHAM PARKWAY,(718) 792-4744,2157 HOLLAND AVE,BX,10462,THUR,11AM-3PM
85599,FPK,KINGSBRIDGE CENTER FOR ISRAEL,718-548-2727,5905 RIVERDALE AVENUE,BX,10471,WED/SUN,7-9PM/9AM-12PM
85748,FP,LOVE WINS NYC at PSS,718-588-3004,1181 NELSON AVENUE - 2ND FL,BX,10452,FRI (2),12-1PM
83465,SK,LOYAL BAPTIST CHURCH,(718) 328-3512,881 EAST 167TH STREET,BX,10459,THUR,11AM-3PM
85600,FP,LT WORKS FOOD PANTRY,347-810-1201,2347 LAFAYETTE AVENUE,BX,10473,THUR,10:30AM-12:30PM
84319,FP,"MANNA OF LIFE MINISTRIES, INC",347-577-5788,1101 BOSTON ROAD,BX,10456,"WED,THUR",8-11AM
84177,SK,"MANNA OF LIFE MINISTRIES, INC",347-577-5788,1101 BOSTON ROAD,BX,10456,SAT,9AM-1PM
84086,FPHA,MOMENTUM PROJECT @ CHURCH OF THE GOD OF PROPHECY,718-292-7718,85 EAST 165TH STREET,BX,10452,TUE,11AM-1PM
85785,FP,MORNING STAR FULL GOSPEL ASSEMBLY,718-294-6020,464 TREMONT AVENUE,BX,10457,WED,4-6PM
84953,FP,MORRISANIA REVITALIZATION CORP INC,718-589-7858,576B EAST 165TH STREET,BX,10456,"MON,WED,FRI",9AM-1PM
87090,FP,MOSAIC BEACON COMMUNITY CENTER,917-962-9955,1257 OGDEN AVENUE,BX,10452,FRI,3-5PM
85499,FP,MOSHOLU MONTEFIORE COMMUNITY CENTER FP,718-882-4000,3450 DEKALB AVENUE,BX,10467,"WED (2,3,4)",10AM-12PM
85713,FPH,MUNA SOCIAL SERVICE BAITUL ISLAM MASJID,212-920-6202,2107 DAVIDSON AVENUE,BX,10453,"THUR (2,4)",2-3PM
85709,FPH,MUNA SOCIAL SERVICE PARKCHESTER ISLAMIC CENTER,212-920-6202,1375 VIRGINIA AVENUE,BX,10462,"THUR(2,4)",4-5PM
85788,FP,NEW COVENANT COMMUNITY CORP FP (NCCDC ELG PANTRY),718-328-6072,1240 EDWARD L. GRANT HIGHWAY,BX,10452,MON,11AM - 1PM
84268,FP,NEW COVENANT COMMUNITY DEVELOPMENT CORP,718-328-6072,1175 BOSTON ROAD,BX,10456,TUE/THUR,2-4PM/10AM-1PM
85387,FP,NEW YORK COMMON PANTRY - BRONX,917-423-2701,1290 HOE AVENUE,BX,10459,THUR-SAT,10AM-2:30PM
ID,TYPE,PROGRAM,ORG PHONE,DISTADD,STBO,DISTZIP,DAYS,HOURS
82781,FP,NORTH BRONX SEVENTH DAY ADVENTIST CHURCH,718-882-4907,3743 BRONXWOOD AVENUE,BX,10469,FRI,9AM-12PM
85565,FP,PARKCHESTER BAPTIST CHURCH,718-823-8124,2021 BENEDICT AVENUE,BX,10462,"TUE (2,4)",11AM-12PM
83550,FP,PART OF THE SOLUTION,(718) 220-4892,2759 WEBSTER AVENUE,BX,10458,MON-SAT,8:30-11AM
80121,SK,PART OF THE SOLUTION (P.O.T.S.),(718) 220-4892,2759 WEBSTER AVENUE,BX,10458,MON-FRI,12:30-3:30PM
85186,SK,PATHHSEO INC,917-471-9188,1357 SOUTHERN BLVD,BX,10459,SAT,12-2PM
85300,FP,"POWER PRAISE AND DELIVERANCE, INC",347-409-0288,120 EAST 184TH STREET,BX,10468,FRI,12-4PM
85472,FP,PRODIGAL CENTER,718-644-8523,709 TIFFANY STREET,BX,10474,TUE,11AM-2PM
85294,FP,REDEEMED CHRISTIAN CHURCH OF GOD,718-293-8996,1001-1005 MORRIS AVENUE,BX,10456,TUE,2-6PM
82716,FP,RESURRECTION AND LIFE PENTECOSTAL CHURCH,929-472-4201,870 EAST 163RD STREET,BX,10459,TUE/SAT,12-2PM/10AM-12PM
85718,FP,REVELACION DIVINA FOOD PANTRY,NONE PROVIDED,240 EAST 175TH STREET,BX,10457,MON,5-7PM
85792,FP,ROMAN CATHOLIC CHURCH OF ST. HELENA,718-892-3232,1315 OLMSTEAD AVENUE,BX,10462,WED,12-2PM
83382,FP,SHOUT FOR JOY BAPTIST CHURCH INC,347-400-0409,456 WHITE PLAINS ROAD,BX,10473,SAT,8-9:30AM
82210,FP,SPANISH SEVENTH DAY ADVENTIST CHURCH FOOD PANTRY,845-729-8804,1038 PROSPECT AVENUE,BX,10459,THUR,10AM-1PM
82315,FP,SPANISH SOUNDVIEW SEVENTH DAY ADVENTIST CHURCH,718-842-7373,1822 LACOMBE AVENUE,BX,10473,WED,8AM-12:30PM
80149,FP,ST. ANN'S CHURCH OF MORRISANIA,(718) 585-5632,295 ST. ANN'S AVENUE,BX,10454,WED,10AM-1PM & 5-6PM
80150,SK,ST. ANN'S CHURCH OF MORRISANIA,(718) 585-5632,295 ST. ANN'S AVENUE,BX,10454,SUN,11AM-1PM
84034,SK,ST. ANN'S CORNER OF HARM REDUCTION,718-585-5544,886 WESTCHESTER AVENUE,BX,10459,M-F,9AM-11PM
81511,SK,ST. ANTHONY'S CHURCH,(718) 931-4040,1750 MANSION STREET,BX,10460,SAT,7AM-1PM
85480,FP,ST. BRENDAN & ST. ANN PARISH,718-547-6655,268 EAST 207TH STREET,BX,10467,SAT,7:30-9AM
81316,FP,ST. EDMUNDS YOUTH PROGRAM INC,(718) 466-9370,1905 MORRIS AVENUE,BX,10453,THUR,12-2PM
85737,FP,ST. JAMES PLACE,718-367-0655,2500 JEROME AVENUE,BX,10468,"SAT (2,LAST)",9:30-10:30AM
82756,FP,ST. JEROME H.A.N.D.S. COMMUNITY CENTER,718-402-7866,330 EAST 138TH STREET,BX,10454,WED,10AM-1PM
80159,FP,ST. LUKES FOOD PANTRY,(718) 665-6677,623 EAST 138TH STREET,BX,10454,FRI,10AM-1PM
80161,SK,ST. LUKE'S SENIOR COMMUNITY PROGRAM,(718) 882-3060,765 EAST 222ND STREET,BX,10467,MON-FRI,12-1PM
80162,FP,ST. PAUL'S LUTHERAN CHURCH,(718) 822-4535,1891 McGRAW AVENUE,BX,10462,FRI,8-10AM
85741,FP,ST. SIMON STOCK FOOD PANTRY,718-367-1251,2195 VALENTINE AVENUE,BX,10457,FRI,9-10AM
80167,FP,ST. THOMAS AQUINAS FOOD PANTRY,718-589-5235,1900 CROTONA PARKWAY (SIDE OF CHURCH/BASEMENT),BX,10460,WED,10AM-12PM
80015,FP,THE BIBLE CHURCH OF CHRIST,718-293-1928,1358 MORRIS AVENUE,BX,10456,"WED/SUN (2,4)",1-4PM/3-5PM
85056,FPH,THE COMMUNITY FOOD PANTRY,718-960-2262,1363 OGDEN AVE,BX,10452,TUE/THUR/1ST SAT,10AM-1PM/12-3PM/10AM-12PM
85594,FP,THE GAMBIAN YOUTH ORGANIZATION FOOD PANTRY,646-470-6330,214 EAST 181ST STREET,BX,10457,"SUN (,4)",2-5PM
85574,FP,THE KINGSBRIDGE HEIGHTS COMMUNITY CENTER INC,718-884-0700,3067 KINGSBRIDGE TERRACE,BX,10463,"TUE,THUR",11AM-2:30PM
ID,TYPE,PROGRAM,ORG PHONE,DISTADD,STBO,DISTZIP,DAYS,HOURS
80137,FP,THE SALVATION ARMY BRONX CITADEL,(718) 665-8472,425 EAST 159TH STREET,BX,10451,TUE,9AM-12PM
81048,SK,THE SALVATION ARMY BRONX CITADEL,(718) 665-8472,425 EAST 159TH STREET,BX,10451,"MON,WED,FRI",1-2PM
80174,FP,THESSALONIA BAPTIST CHURCH,(718) 542-0828,951 REV. JAMES POLITE AVE,BX,10459,TUE,10-11:30AM
81637,FP,THORPE FAMILY RESIDENCE,718-295-2550,406 EAST 184TH STREET,BX,10458,WED,7:30-9:30AM
85283,FP,UNION GROVE BAPTIST CHURCH,347-590-3881,1488 HOE AVENUE,BX,10460,WED,9-11AM
80182,FP,"UNITED BRONX PARENTS, INC.",(718) 991-7100,603 PROSPECT AVENUE,BX,10455,"W,THU,F",11AM-12PM
81319,SKM,"UNITED BRONX PARENTS, INC.",(718) 991-7100,603 PROSPECT AVENUE,BX,10455,MON-FRI,2:30-4PM
85329,FP,"UNITED YES WE CAN, UNIDOS SISE PUEDE, INC",646-321-5045,4327-4331 WHITE PLAINS ROAD,BX,10466,SAT,12-3PM
84129,FP,VINEYARD INTERNATIONAL CHRISTIAN MINISTRIES,718-538-9211,1140 TELLER AVE,BX,10456,SAT,10AM-12PM
81582,FP,"WAY OUT CHURCH MINISTRIES, INC",718-665-8069,520 EAST 148TH STREET,BX,10455,"WED,FRI",9-10:30AM
84438,FP,WHEDCO - FOOD PANTRY,718-839-1100,50 EAST 168TH STREET,BX,10452,WED,9:30-10:30AM
85011,SK,WOODYCREST UNITED METHODIST CHURCH,718-538-7500,89 WEST 166TH STREET,BX,10452,WED,12-1:30PM
85027,FP,WORD OF LIFE CHRISTIAN FELLOWSHIP,718-861-5678,830 UNION AVENUE,BX,10459,SAT,11AM-3PM
81546,FP,ADVENT LUTHERAN CHURCH,212-665-2504,2504 BROADWAY,NY,10025,"SAT (1,3)",10AM-12PM
81523,SK,ADVENT LUTHERAN CHURCH,212-665-2504,2504 BROADWAY,NY,10025,"SAT (2,4)",12-1PM
81727,FP,AFRICAN SERVICES COMMITTEE,212-222-3882 (101),429 WEST 127TH STREET,NY,10027,MON-THUR,10AM-4PM
80667,FP,ANOTHER CHOICE YOUTH AND FAMILY OUTREACH INC,212-369-6643,1765 MADISON AVE,NY,10029,"FRI/SAT (2,4)",10-11AM/10AM-12PM
85156,FP,ANTIOCH OUTREACH MINISTRIES,212-534-5715,41 WEST 124TH STREET,NY,10027,SAT,7:30-11AM
85701,FP,ARTISTS ATHLETES ACTIVISTS INCORPORATED,347-229-8399,110 COLUMBIA STREET,NY,10002,THUR,12:30-3PM
80520,FP,"ASCENSION OUTREACH, INC",(212) 254-8620,12 WEST 11TH STREET,NY,10011,"SAT(1ST,3RD)",8:30-9AM
81353,FP,BETH HARK CHRISTIAN COUNSELING CENTER,(212) 860-1523,1832 MADISON AVE @120 ST,NY,10035,TUE/THUR,12-2PM/11AM - 1PM
84088,SK,BETH HARK CHRISTIAN COUNSELING CENTER,(212) 860-1523,1832 MADISON AVENUE,NY,10035,"WED,THUR",12-2PM
85812,FP,BETHANY BAPTIST CHURCH,212-234-5810,304 WEST 154TH STREET,NY,10039,FRI,12-3PM
82212,FP,BETHEL AME CHURCH,(212) 862-0100,54-60 WEST 132ND STREET,NY,10037,THUR,9:30-11:30AM
82861,FP,BROADWAY COMMUNITY,212-864-6100,601 WEST 114TH STREET,NY,10025,THUR,2-5PM
81251,SK,BROADWAY COMMUNITY,212-864-6100,601 WEST 114TH STREET,NY,10025,"M,TUE,W,F",10-11:30A&12:30-1:30P
84193,FP,CABRINI IMMIGRANT SERVICES OF NEW YORK CITY INC,(212) 791-4590,630 ISHAM STREET,NY,10034,SAT,7:30-9AM
81067,FP,CATHEDRAL COMMUNITY CARES,347-376-2848,1047 AMSTERDAM AVENUE,NY,10025,THUR,12-6PM
80801,SK,CATHEDRAL OF ST. JOHN THE DIVINE,212-316-7579,1047 AMSTERDAM AVENUE @ W. 112TH ST.,NY,10025,SUN,10AM-3PM
80841,FP,CATHOLIC CHARITIES WASHINGTON HEIGHTS FOOD PANTRY,212-862-6401,665 WEST 182ND STREET,NY,10033,THUR,10AM-12PM
83883,FP,CCCS - KENNEDY CENTER FOOD PANTRY,212-862-6401,34 WEST 134TH STREET,NY,10037,WED,10AM-1PM
81641,FP,CHAMBERS MEMORIAL BAPTIST CHURCH/LOVE OFFERING,347-600-9820,219 EAST 123RD STREET,NY,10035,WED,9-11AM
ID,TYPE,PROGRAM,ORG PHONE,DISTADD,STBO,DISTZIP,DAYS,HOURS
80518,SK,CHRIST CHURCH UNITED METHODIST,(212) 838-3036,524 PARK AVENUE @ 60TH ST.,NY,10065,SUN,4:30-6PM
80519,FP,CHURCH OF THE ANNUNCIATION,(212) 234-1919,88 CONVENT AVE. NEAR 132ND ST.,NY,10027,TUE,2-5PM
85357,FPM,CITY HARVEST MOBILE MARKET - DYCKMAN HOUSES,646-412-0740,177 NAGLE AVENUE,NY,10034,"WED(2),SAT(4)",9:30-11:30AM
85358,FPM,CITY HARVEST MOBILE MARKET - PRINCE HALL,646-412-0740,454 WEST 155TH STREET,NY,10032,"THU(2),SAT(4)",9:30-11:30AM
81451,SKM,COALITION FOR THE HOMELESS,212-776-2002,108 EAST 51ST STREET,NY,10022,MON-SUN,5:30-10PM
80543,FP,COMMUNITY IMPACT,212-854-6310,616 WEST 114TH STREET,NY,10025,"MON,WED,THUR",11AM-2PM
81071,FP,COMMUNITY LEAGUE OF THE HEIGHTS,212-795-4779,508 WEST 159TH STREET,NY,10032,"WED,SAT",9AM-1PM
81249,SKK,CONGREGATION B'NAI JESHURUN,(212) 787-7600,257 WEST 88TH STREET,NY,10024,THUR,12-1PM
80541,FP,CONVENT AVENUE BAPTIST CHURCH,646-698-5102,425 WEST 144TH STREET @ CONVENT AVE,NY,10031,"MON (1,3)",9AM-12PM
80739,FP,CROSSROADS COMMUNITY SERVICES INC,212-378-0229,108 EAST 51ST STREET,NY,10022,THUR,10AM-1PM
80740,SK,CROSSROADS COMMUNITY SERVICES INC,212-378-0229,108 EAST 51ST STREET,NY,10022,"M,W,SUN",7:30AM-8:45AM
80546,FP,DEWITT REFORMED CHURCH,(212) 674-3341,280 RIVINGTON STREET,NY,10002,"SAT(1,3)",10AM-12PM
85473,FP,FAMILY INTEGRATION MINISTRY FOOD PANTRY,347-459-4445,1875 AMSTERDAM AVENUE,NY,10031,THUR,12-2PM
81612,FP,FATHER CREAVIN'S FOOD PANTRY,212-281-2100,276 WEST 151ST STREET,NY,10039,TUE,9-11AM
84451,FP,FOOD BANK FOR NEW YORK CITY,212-566-7855,252 WEST 116TH STREET,NY,10026,"TUE,W/THUR/SAT (1)",9:30A-3:30P/12-6PM/11AM-2PM
80474,SK,FOOD BANK FOR NEW YORK CITY,212-665-8747,252 WEST 116TH STREET,NY,10026,MON-FRI,4-6PM
81589,SK,FRATERNITE NOTRE DAME,212-876-5855,2290 FIRST AVENUE,NY,10035,THUR,11AM-1PM
81980,FP,"FRATERNITE NOTRE DAME, INC",212-876-5855,2290 FIRST AVENUE,NY,10035,FRI,2-5PM
85780,SK,FREE FOOD HARLEM,510-541-9430,37 WEST 119TH STREET,NY,10026,"WED,FRI",5:15-7PM
84245,FP,FRIENDLY HANDS MINISTRY INC,646-370-3978,115 EAST 125TH STREET,NY,10035,WED/THUR,10AM-12PM/10AM-12PM
81501,FPHA,GAY MEN'S HEALTH CRISIS,212-637-1000,307 WEST 38TH STREET,NY,10018,TUE-THUR,11AM-2PM
82798,SK,GRAND CENTRAL NEIGHBORHOOD SOCIAL SERVICE CORP.,(212) 883-0680,120 EAST 32ND STREET,NY,10016,MON-SUN,6:30-7:30A/12-1:30P/4-6P
84328,FP,GRAND CENTRAL NEIGHBORHOOD SOCIAL SERVICES CORPORATION,212-883-0680,120 EAST 32ND STREET,NY,10016,WED(2),2-3:30PM
84157,FP,HARLEM DOWLING WEST SIDE CENTER/SPECIALIZED SERVICES,212-749-3656,2139 ADAM CLAYTON POWELL JR. BLVD @ 127TH STREET,NY,10027,FRI,12-2PM
80604,SK,HOLY APOSTLES SOUP KITCHEN,(212) 924-0167,296 NINTH AVENUE @ 28TH ST.,NY,10001,MON-FRI,10:30AM-12:30PM
85547,FP,HOLY APOSTLES SOUP KITCHEN PANTRY,646-998-6105,296 NINTH AVENUE,NY,10001,"TUE,WED,THUR",1:30-3PM
81608,FP,INTERNATIONAL PENTECOSTAL CHURCH,212-568-3531,619 WEST 179TH STREET,NY,10033,TUE/FRI,11:30AM-3:30PM/12-3PM
85088,FP,IRIS HOUSE,646-548-0100,2348 ADAM CLAYTON POWELL JR. BLVD,NY,10030,THUR,10AM-3PM
81977,SK,IRIS HOUSE,646-548-0100,2348 ADAM CLAYTON POWELL JR. BLVD,NY,10030,TUE-FRI,12-1:30PM
87208,FP,ISAACS HOLMES FOOD PANTRY,212-360-7620,415 EAST 93RD STREET,NY,10128,WED,9-11AM
80618,FPK,JEWISH COMMUNITY COUNCIL OF WASHINGTON HGTS,(212) 568-5450,121 BENNETT AVENUE #11A,NY,10033,"WED(1,2,3)",10AM-1PM
85450,FPK,LILLIAN WALD FOOD PANTRY,212-260-2731,12 AVENUE D,NY,10009,"TUE,WED",10AM-2PM
ID,TYPE,PROGRAM,ORG PHONE,DISTADD,STBO,DISTZIP,DAYS,HOURS
80627,FP,LITTLE SISTERS OF THE ASSUMPTION FAMILY HEALTH SERVICE,646-672-5200,333 EAST 115TH STREET,NY,10029,WED,9-11:30AM & 1-2:30PM
85826,FP,LOVE WINS NYC (HARLEM),NONE PROVIDED,521 WEST 126TH STREET,NY,10027,WED(4),1-3PM
83923,FP,MACEDONIA CH. ASSEMBLY OF GOD-BREAD OF LIFE FOOD PANTRY,(212) 410-3412,340 EAST 106TH STREET,NY,10029,FRI,9-10:30AM
80649,FP,MCCNY CHARITIES,332-400-7488,446 WEST 36TH STREET,NY,10018,THUR,9-11AM
83699,FP,MT. OLIVET BAPTIST CHURCH COMMUNITY MEAL PROGRAM,(212) 864-1155,201 LENOX AVE,NY,10027,"TUE,WED",10:30-11:30AM
81119,FP,NATIONAL COUNCIL OF JEWISH WOMEN,212-687-5030,241 WEST 72ND STREET,NY,10023,MON,9:30AM-1:30PM
80730,SK,NATIONAL COUNCIL OF JEWISH WOMEN,212-687-5030,241 WEST 72ND STREET,NY,10023,WED/SUN,4:30-5:30PM/11:30AM-12:30PM
85310,FP,NAZARETH HOUSING INC,212-477-7017,206 EAST 4TH STREET,NY,10009,TUE,8:30-10AM
81206,SK,NEW YORK CITY LOVE KITCHEN INC,(212) 942-4204,3816 9TH AVE,NY,10034,MON-FRI,2-4PM
80861,FP,NEW YORK COMMON PANTRY,917-720-9700,8 EAST 109TH STREET,NY,10029,WED-SAT,10AM-2:30PM
80862,SK,NEW YORK COMMON PANTRY,917-720-9700,8 EAST 109TH STREET,NY,10029,MON-FRI,2:30-3:30PM
85811,FP,NUEVO SIGLO CARES (SERVING GOD THROUGH YOU),347-856-8500,213 SHERMAN AVENUE,NY,10034,FRI,2-4PM
80683,FP,OUR LADY OF SORROWS,(212) 673-0900,213 STANTON STREET,NY,10002,"TUE,THUR",8-11AM
80699,FP,PROJECT CREATE - ANTHONY HOUSE,212-663-1596,73 LENOX AVE,NY,10026,WED,10AM-12PM
81169,FP,RAUSCHENBUSCH METRO MINISTRIES INC.,(212) 594-4464,410 WEST 40TH STREET,NY,10018,"SAT(1,2,3,4)",11-11:30AM
80712,FP,RIVERSIDE CHURCH FOOD PANTRY,212-870-6733,91 CLAREMONT AVE @ 120TH STREET,NY,10027,TUE-FRI,9AM-1PM
85602,FP,ROOSEVELT ISLAND DISABLE ASSOCIATION (RIDA),NONE PROVIDED,548A MAIN STREET (ROOSEVELT ISLAND),NY,10044,FRI,4-6PM
81120,SK,SOUP KITCHEN/COMMUNITY LUNCH,212-854-6310,601 WEST 114TH STREET (BASEMENT OF BROADWAY PRE,NY,10025,FRI,12:30-2PM
83311,SK,SOUTHERN BAPTIST CHURCH,(212) 663-6549,12 WEST 108TH STREET,NY,10025,WED,12-1:30PM
80744,FP,ST. CECILIA'S PARISH SERVICES,(212) 348-0488,125 EAST 105TH STREET,NY,10029,WED,9AM-12PM
80745,FP,ST. CHARLES BORROMEO CHURCH,(212) 281-2100,211 WEST 141ST STREET,NY,10030,SAT,9-11:30AM
81507,FP,ST. CLEMENTS FOOD PANTRY,(212) 246-7277,423 WEST 46TH STREET  9TH/10AVE,NY,10036,FRI/SAT,2-6PM/8-11:30AM
80752,SK,ST. IGNATIUS EPISCOPAL CHURCH,(212) 580-3326,552 WEST END AVE,NY,10024,MON/SAT,6:45-7:15PM/3:45-4:15PM
80754,SK,ST. JAMES CHURCH-COMMUNITY KITCHEN,212-774-4200,865 MADISON AVENUE,NY,10021,TUE/FRI,12-1PM/6:30-7:30PM
80757,FP,ST. JOHN'S BREAD OF LIFE,(212) 564-9070,213 WEST 30TH STREET,NY,10001,"WED (2,4)",11AM-1PM
80764,FP,ST. MARK THE EVANGELIST CHURCH,(212) 281-4931,65 WEST 138TH STREET,NY,10037,"SAT(1,2,3,4)",10AM-12PM
85116,SK,ST. MICHAEL'S CHURCH,212-222-2700,225 WEST 99TH STREET,NY,10025,SAT,10-11:30AM
80781,FP,ST. PAUL'S HOUSE INC.,(212) 265-5433,335 WEST 51ST STREET,NY,10019,TUE,9:30-10:30AM
80782,SK,ST. PAUL'S HOUSE INC.,(212) 265-5433,335 WEST 51ST STREET,NY,10019,"MON,WED,FRI",8-:8:30AM
80577,FP,ST. PETER'S FOOD PANTRY,(212) 929-2390,346 WEST 20TH ST. NR. 9TH AVE,NY,10011,SAT,10:30-11:30AM
80800,SK,TEMPLE SHAARAY TEFILA,(212) 535-8008,250 EAST 79TH STREET,NY,10075,WED,11:15AM-12PM
87046,FP,THE CRW COMMUNITY FOOD PANTRY,646-395-4414,25-29 AVENUE D,NY,10009,"TUE, WED",4-5:45PM
ID,TYPE,PROGRAM,ORG PHONE,DISTADD,STBO,DISTZIP,DAYS,HOURS
82997,FP,THE DOOR'S FOOD & NUTRITION PROGRAM,212-941-9090,555 BROOME STREET,NY,10013,MON-FRI,4:30-5:30PM
84309,SK,THE DOOR'S FOOD & NUTRITION PROGRAM,212-941-9090,555 BROOME STREET,NY,10013,MON-FRI,4:30-5:30PM
85649,FP,THE LOWER EASTSIDE GIRLS CLUB,212-982-1633,402 EAST 8TH STREET,NY,10009,WED,9AM-2:30PM
81917,FP,THE RED DOOR PLACE,212-243-5470,201 WEST 13TH STREET,NY,10011,TUE,2-4:50PM
85261,SK,THE RED DOOR PLACE,212-243-5470,201 WEST 13TH STREET,NY,10011,SAT,12-2PM
80721,FP,THE SALVATION ARMY MANHATTAN CITADEL,(212) 860-3200,175 EAST 125TH STREET,NY,10035,MON-FRI,9AM-3PM
81297,SK,THE SALVATION ARMY NEW YORK TEMPLE,212-337-7469,120 WEST 14TH STREET,NY,10011,MON-THU,12-1PM
80720,FP,THE SALVATION ARMY NEW YORK TEMPLE CORPS,212-337-7467,120 WEST 14TH STREET,NY,10011,MON-FRI,9:30-11:30AM
84540,FP,THE URBAN OUTREACH CENTER OF NYC,(212) 288-6743,1745 1ST AVENUE,NY,10128,TUE,5:30-6:30PM
81622,SK,THE URBAN OUTREACH CENTER OF NYC,212-288-6743,1745 1ST AVENUE,NY,10128,"WED, FRI",9AM - 1PM
80813,FP,"TRINITY'S SERVICES AND FOOD FOR THE HOMELESS, INC.",(212) 228-5254,602 EAST 9TH STREET,NY,10009,MON-THUR,12:30-1:30PM
80814,SK,"TRINITY'S SERVICES AND FOOD FOR THE HOMELESS, INC.",(212) 228-5254,602 EAST 9TH STREET,NY,10009,MON-FRI,11AM-12PM
85666,FP,UA3 COMMUNITY FIRST FOOD PANTRY,NONE PROVIDED,384 GRAND STREET,NY,10002,"MON,THUR",10AM - 2PM
80832,SK,"UNIVERSITY COMMUNITY SOCIAL SERVICES, INC",347-850-2230,137 EAST 2ND STREET,NY,10009,SAT,9-10AM&1-2:30PM
81309,FP,UPPER MANHATTAN MENTAL HEALTH CENTER,(212) 694-9200,1727 AMSTERDAM AVE @ 145TH,NY,10031,"TUE,WED,THUR",11AM-2PM
85481,FP,VISION URBANA,646-626-9748,66 ESSEX STREET,NY,10002,MON,9-11AM
85319,FP,"WEST HARLEM GROUP ASSISTANCE, INC",212-832-1399,625 LENOX AVE,NY,10030,MON-THUR,10AM-2PM
80846,FP,WESTSIDE CAMPAIGN AGAINST HUNGER,(212) 362-3662,263 W. 86th St.@ WEST END AVE.,NY,10024,TUE-FRI,9AM-1PM
84349,FP,"WORLDWIDE MISSIONARY MOVEMENT/CENTRO EVANGELISTICO MMM, INC",212-567-5620,148 POST AVENUE,NY,10034,SAT,10AM-12PM
80750,SK,XAVIER MISSION INC,(212) 627-2100,55 WEST 15TH STREET,NY,10011,SUN,12:45-3PM
85596,FP,ZEINA LORRAINE INC,646-355-3880,203 WEST 133RD STREET,NY,10030,"TUE,THUR",11AM-2PM
85706,FP,MANHATTAN DOWNTOWN MULTI-CULTURAL FOOD PANTRY,347-248-9726,160 ALLEN STREET - SUITE #20,NY,10002,THUR (1st),8:30-10:30AM
83629,FP,AGAPE CHRISTIAN CENTER,718-635-0674,59-02 SUMMERFIELD ST. RIDGEWOOD,QN,11385,SAT,10-11:30AM
84884,FPHA,AIDS CENTER OF QUEENS COUNTY,718-472-9400,62-07 WOODSIDE AVENUE - LOBBY,QN,11377,TUE,8-10AM
80929,FPHA,AIDS CENTER OF QUEENS COUNTY,(718) 896-2500,161-21 JAMAICA AVE - 6TH FLOOR,QN,11432,THUR,8:30-9:30AM
81733,FPHA,AIDS CENTER OF QUEENS COUNTY (ACQC),(718) 868-8645,1600 CENTRAL AVENUE - 3RD FLOOR (FAR ROCKAWAY),QN,11691,FRI,9:30-10:30AM
85698,FP,ALL MY CHILDREN,718-825-2566,175-44 MAYFIELD ROAD,QN,11432,TUE,11AM-1PM
80866,FP,ALLEN OUTREACH MINISTRY FEEDING PROGRAM,(718) 526-3510,110-31 MERRICK BLVD,QN,11433,MON/THUR,3-5PM/11AM-1PM
82033,FP,BERACA SEVENTH DAY ADVENTIST CHURCH,(718) 740-1916,91-19 191 STREET,QN,11423,WED,9:30AM-12PM
83294,FP,BETHANY BAPTIST CHURCH OF JAMAICA,(718) 659-6099,157-11 111TH AVE,QN,11433,"TUE,WED",11AM-2PM
83697,FP,BETHANY PANTRY,917-533-1679,48-08 91ST PLACE (ELMHURST),QN,11373,SAT,9-10AM
84081,FP,BETHEL AME CHURCH/BETHEL ARVERNE COMM.,516-503-9715,215 BEACH 77TH STREET,QN,11692,THUR,11AM-1PM
ID,TYPE,PROGRAM,ORG PHONE,DISTADD,STBO,DISTZIP,DAYS,HOURS
81243,FP,BETHEL GOSPEL TABERNACLE CHURCH,718-291-2676,110-25 GUY R. BREWER BLVD.,QN,11433,WED,9:30-11AM
81148,SK,BETHEL GOSPEL TABERNACLE CHURCH,718-291-2676,110-25 GUY R. BREWER BLVD.,QN,11433,"TUE,FRI",12-2PM
84140,FP,BLANCHE MEMORIAL CHURCH,(718) 658-2458,109-74 SUTPHIN BLVD,QN,11435,TUE,9-10AM
85769,FP,BRIGADA DE ESPERANZA INC,718-530-8638,89-07 ASTORIA BLVD,QN,11369,SAT,12-3PM
84504,FP,BVM/ST. MARY'S CHURCH WINFIELD,718-672-4848,70-31 48TH AVE (WOODSIDE),QN,11377,THUR,9:30AM-12PM
84936,FP,CALVARY'S MISSION,NONE PROVIDED,97-25 LEFFERTS BLVD (SO. RICHMOND HILL),QN,11419,SAT,9-10AM
87007,FP,CENTER OF HOPE INTERNATIONAL,(718) 784-4673,38-49 12TH STREET (L.I.C.),QN,11101,"TUE, THUR/WED",12-3PM/11AM-2PM
85467,FPK,CHAZAQ,718-285-9132,141-47 72ND AVENUE (FLUSHING),QN,11367,TUE,2:30-5PM
85157,FP,"CHRIST APOSTOLIC CHURCH OF AMERICA, INC",718-658-8981,108-02 SUTPHIN BLVD,QN,11435,SAT,9AM-1PM
85332,FP,CHRIST CHURCH INTERNATIONAL JOSEPH'S HOUSE,718-276-2799,122-20 MERRILL STREET,QN,11434,"SAT (2,4)",10AM-12PM
85350,FPM,CITY HARVEST - ASTORIA MOBILE MARKET,646-412-0725,7-1 ASTORIA BLVD,QN,11102,"THUR(3),SAT(1)",9:30-11:30AM
85354,FPM,CITY HARVEST MOBILE MARKET - QUEENSBRIDGE HOUSES,646-412-0740,10-25 41ST AVENUE,QN,11101,"WED(1), SAT(3)",9:30-11:30AM
85313,FP,COMMUNITY ALLIANCE INITIATIVE,718-305-4888,60-85 MYRTLE AVENUE,QN,11385,FRI(1),10AM -12PM
85726,FP,COMMUNITY CHURCH OF CHRIST FOOD PANTRY,718-523-2612,167-04 108TH AVENUE,QN,11433,WED,1-3PM
80888,FP,CORONA SEVENTH DAY ADVENTIST CHURCH,(718) 429-7050,35-30 103RD STREET,QN,11368,MON,9-11:30AM
80889,SK,CORONA SEVENTH DAY ADVENTIST CHURCH,718-651-4534,35-30 103RD STREET,QN,11368,SUN,12-2PM
80891,FP,CORPUS CHRISTI FOOD PANTRY,718-721-2774,31-30 61ST STREET,QN,11377,WED,9-10:30AM
83351,FP,DELIVERANCE TEMPLE CHURCH OF JESUS CHRIST,(718) 529-1993,134-10 ROCKAWAY BLVD SO. OZONE PARK,QN,11420,TUE,5:30-6:30PM
85444,FP,DIVINE FOOD PANTRY,516-415-1192,215-31 99TH AVENUE (QUEEN VILLAGE),QN,11429,"FRI (1,3)",4-6:30PM
80893,FP,ELMCOR YOUTH & ADULT ACTIVITIES #2,(718) 651-0096,33-16 108TH STREET,QN,11368,WED,9AM-2PM
81741,FPK,ESTHER GRUNBLATT-CENTRAL QUEENS Y,718-704-8160,67-09 108TH STREET,QN,11375,"M,W/TU,TH/SUN",9A-2P&3:30-6:30P/9A-2P/10A-1:30P
85483,FP,EVANGEL FOOD PANTRY,718-361-5454,39-21 CRESCENT STREET (LIC),QN,11101,TUE-FRI/SAT,9AM-3PM/9-12PM
84315,FP,EVANGELICAL CHURCH CHRIST IS THE LIGHT,718-592-2701,89-16 48TH AVENUE (ELMHURST),QN,11373,FRI,9-11AM
85745,FP,FAITH ASSEMBLY COMMUNITY OUTREACH,718-849-5277,120-13 101ST AVENUE (SOUTH RICHMOND HILL),QN,11419,SAT (4),10AM-12PM
83623,SK,FIRST BAPTIST CHURCH,(718) 446-0200,100-10 ASTORIA BLVD (EAST ELMHURST),QN,11369,WED,12-1:45PM
85321,FP,FIRST BAPTIST CHURCH OF CORONA,718-446-0200,100-10 ASTORIA BLVD (EAST ELMHURST),QN,11369,SAT,12-3PM
81110,FP,"FIRST CHURCH OF GOD IN CHRIST, INC.",(718) 712-4831,187-10 BAISLEY BLVD,QN,11412,WED,12-3PM
81453,FP,FIRST PRESBYTERIAN CHURCH OF JAMAICA,(718) 526-4775,89-60 164TH STREET,QN,11432,"TUE(1,2,3,4)/SAT(4)",10AM-12PM/9-11AM
81450,SK,FIRST PRESBYTERIAN CHURCH OF JAMAICA,(718) 526-4775,89-60 164TH STREET,QN,11432,WED,5:30-6:30PM
ID,TYPE,PROGRAM,ORG PHONE,DISTADD,STBO,DISTZIP,DAYS,HOURS
84182,FP,FIRST PRESBYTERIAN RUSSELL SAGE MEMORIAL CHURCH OF FAR ROCKA,(718) 327-2440,896 CENTRAL AVENUE (FAR ROCKAWAY),QN,11691,SAT,9-10:30AM
80904,FP,FIRST UNITED METHODIST CHURCH OF JAMAICA,(718) 739-2269,162-10 HIGHLAND AVENUE,QN,11432,MON,8:30-9:30AM
84607,FP,FLUSHING JEWISH COMMUNITY COUNCIL,718-463-8937,171-39 NORTHERN BLVD (FLUSHING),QN,11358,TUE(3),9-10:30AM
85581,FP,FOOD SHARING WITH OUR NEIGHBORS PROGRAMS,718-939-8599,3824 149TH STREET (FLUSHING),QN,11354,THUR,10AM-12PM
87233,FP,FOREST HILLS SENIORS CENTER,929-349-9740,108-25 62ND DRIVE,QN,11375,THUR,8:30-10:30AM
85800,FP,FRESH ANOINTING INTERNATIONAL CHARITIES (FAIC),917-665-0240,182-10 LIBERTY AVENUE,QN,11412,THUR(3),11AM-2PM
84471,FP,GOSPEL ASSEMBLY - QUEENS,718-454-0192,109-14 FARMERS BLVD,QN,11412,WED-SAT,10AM -12PM
80917,FP,HOLLIS AVENUE CONGREGATIONAL CHURCH,(718) 468-1498,"211-04 HOLLIS AVE., QUEENS VILLAGE",QN,11429,TUE,8-11AM
85384,FP,HOLLIS COMMUNITY CHRISTIAN CENTER,347-626-7996,191-22 JAMAICA AVENUE,QN,11423,SAT,10AM-12PM
80920,FP,HOLY CHILD JESUS FOOD PANTRY,718-847-1860,112-06 86TH AVENUE (RICHMOND HILL),QN,11418,"MON, THUR",10AM-12PM
82077,FP,"HOLY TEMPLE CHURCH, INC",718-276-2900,136-25 SPRINGFIELD BLVD,QN,11413,SAT,11AM-12PM
85129,FP,HOPE RESTORATION MINISTRIES,718-217-4799,101-01 SPRINGFIELD BLVD (QUEENS VILLAGE),QN,11429,SAT (LAST),2-4PM
84960,FP,HOUR CHILDREN COMMUNITY OUTREACH,718-482-8226,36-49 11TH STREET (LIC),QN,11106,"MON,THUR/TUE",2-4PM/10:30AM-12:30PM
85457,FPH,ICNA FLUSHING FOOD PANTRY,929-329-7986,140-32 CHERRY AVENUE,QN,11355,WED,12-2PM
85167,FPH,ICNA RELIEF USA,718-658-7028,8791 144TH STREET,QN,11435,THUR,11AM-1PM
84174,FP,IGLESIA ALIANZA MISIONERA EBENEZER,(718) 729-1944,43-02 38TH STREET (L.I.C.),QN,11101,SAT,8AM-1PM
85604,FP,IGLESIA CRISTIANA EVANGELICA,347-938-9368,3435 96TH STREET (CORONA),QN,11368,SAT,11AM-12PM
84762,FP,"IN THE BEGINNING OUTREACH, INC",516-303-5202,189-13 LIBERTY AVENUE (ST. ALBANS),QN,11412,WED,12:30-2PM
82743,FP,J.U.S.T.I.C.E. ORGANIZATION/JESUS IS JUSTICE MISSION INC.,718-772-7951,223 BEACH 28TH STREET (FAR ROCKAWAY),QN,11691,WED,12-2PM
85122,FP,JAMAICA HISPANIC SEVENTH DAY ADVENTIST CHURCH,718-736-5291,88-28 161 STREET,QN,11432,SUN,8-9AM
85264,FP,JAMAICA QUEENS WESLEYAN CHURCH PANTRY,718-712-0335,134-49 228TH STREET (LAURELTON),QN,11413,SAT,12-1:30PM
83296,FP,JAMAICA SEVENTH DAY ADVENTIST CHURCH,(718) 658-9784,88-28 163 STREET,QN,11432,SUN,9:30-11:30AM
85323,FP,JESUS IS THE ANSWER - J.I.T.A. COMMUNITY OUTREACH,718-908-6303,205-11 JAMAICA AVENUE,QN,11423,SAT,1-3PM
80903,FPK,JEWISH COMMUNITY COUNCIL OF THE ROCKAWAY PENINSULA,(718) 327-6060,1525 CENTRAL AVE,QN,11691,"TUE,THUR",9:30AM - 1:30PM
84205,FPK,KEHILAT SEPHARDIM OF AHAVAT ACHIM,718-591-9574,150-62 78TH ROAD (FLUSHING),QN,11367,"M,W/TUE,THU/SUN",10A-2P/11A-1P/10A-4P
83412,FP,LEBANON SEVENTH DAY ADVENTIST CHURCH,718-525-4630,131-72 223RD STREET,QN,11413,THUR,5-7PM
82104,FP,LEVITICUS CHURCH,(718) 322-1095,114-12 VAN WYCK EXPRESSWAY,QN,11420,WED/SAT,1-2PM/12-1PM
83999,FP,LINDEN SEVENTH DAY ADVENTIST CHURCH COMMUNITY SERVICES,718-527-4072,228-20 137TH AVENUE,QN,11413,SUN,10AM-12PM
ID,TYPE,PROGRAM,ORG PHONE,DISTADD,STBO,DISTZIP,DAYS,HOURS
85735,FP,LOVE WINS FOOD PANTRY - MERCADITO SOLIDARIO,347-735-6989,3763 83RD STREET - SUITE #1B (JACKSON HEIGHTS),QN,11372,FRI (4TH),1-5PM
82075,FP,MACEDONIA AME CHURCH,(718) 353-5870,106-16 GUY R. BREWER BLVD,QN,11433,MON/TUE,7AM-3PM/7AM-1PM
83457,SK,MACEDONIA AME CHURCH,(718) 353-5870,106-16 GUY R. BREWER BLVD,QN,11433,TUE,10AM-12PM
85551,FP,MAJORITY COMMUNITY OUTREACH,718-528-6690,115-21 FARMERS BLVD,QN,11412,THUR,9-11AM
85425,FP,MAKE THE ROAD NEW YORK,718-565-8500,92-10 ROOSEVELT AVENUE,QN,11372,WED,8-10AM
81648,FP,MARANATHA FRENCH SEVENTH DAY ADVENTIST CHURCH,718-297-8797,173-04 LINDEN BLVD,QN,11434,SUN,10AM-12PM
85214,FPK,MASBIA OF QUEENS,718-534-7321,105-47 64TH ROAD,QN,11375,SUN-THUR,12-9PM
85190,SKK,MASBIA OF QUEENS,718-534-7321,105-47 64TH ROAD,QN,11375,SUN-THUR,3-9PM
85759,FPH,MASJID OMAR ABDEL AZIZ,718-541-8485,8829 161ST STREET,QN,11432,WED (3RD),2-4PM
85784,FP,MINISTERIO LA LUZ DE LA ESPERANZA PARA LAS NACIONES DE JESUCRIS,631-336-0572,79-01 BROADWAY  (ELMHURST),QN,11373,THUR,5-7PM
85255,FP,MINISTRY TOOLS INC,718-529-0005,170-20 140TH AVE,QN,11434,THUR,4-6PM
85288,FP,MORE THAN CONQUERORS GLOBAL MINISTRIES INC,718-528-3334,153-56 ROCKAWAY BLVD,QN,11434,SAT,2-4PM
85538,FP,MORIAH CITY COMMUNITY FOOD PANTRY,718-276-1908,206-14 LINDEN BLVD (CAMBRIA HEIGHTS),QN,11411,WED,3-5PM
83270,FP,MORRIS BROWN HELPING HAND FOOD PROGRAM,(718) 322-7596,145-03 ROCKAWAY BLVD (SO. OZONE PARK),QN,11436,WED,10AM-12PM
85733,FP,MOUNT MORIAH SEVENTH DAY ADVENTIST CHURCH FP,347-217-4988,1834 DECATUR STREET (RIDGEWOOD),QN,11385,"SAT (1,3)",8:30-9:30AM
85221,FP,MOUNT SINAI SEVENTH DAY ADVENTIST CHURCH,718-465-1784,217-10 93RD AVENUE,QN,11428,WED,5-7PM
80936,FP,MT. OLIVET GOSPEL CHURCH,(718) 478-0780,"33-27 97TH STREET, CORONA",QN,11368,WED,5:30-6:30PM
85717,FPH,MUNA SOCIAL SERVICE BAITUN NOOR MASJID,212-920-6202,88-19 LIBERTY AVENUE (OZONE PARK),QN,11417,"THUR (1,3)",4-5PM
85712,FPH,MUNA SOCIAL SERVICE MASJID AR-RAYYAN,212-920-6202,196-43 FOOTHILL AVENUE (HOLLIS),QN,11423,"WED(1,3)",2-3PM
85710,FPH,MUNA SOCIAL SERVICE SOUTH JAMAICA,212-920-6202,164-38 108TH AVENUE,QN,11453,"WED(1,3)",4-5PM
85782,FP,MUNA SOCIAL SERVICES - JACKSON HEIGHTS COMMUNITY FOOD BANK,212-920-6202,35-35 71ST STREET (JACKSON HEIGHTS),QN,11372,"THUR (1,3)",2-3PM
84887,FP,NATIONAL SORORITY OF PHI DELTA KAPPA,718-723-1119,117-08 MERRICK BLVD,QN,11434,THUR,11AM-1PM
85774,FP,NEW  BEGINNINGS FOOD PANTRY,NONE PROVIDED,242-01 BRADDOCK AVENUE (BELLROSE),QN,11357,TUE (2ND),10-11:30AM
81146,FP,NORTHEAST CONFERENCE COMMUNITY CENTER SDA,347-527-2444,99-13 NORTHERN BLVD,QN,11368,TUE(SR ONLY)/WED,11AM-1PM/3-6PM
81475,FP,ONE WAY CHURCH OF CHRIST,(718) 525-4260,216-11 MERRICK BLVD.,QN,11413,SAT,10AM-1PM
80942,FP,OUR LADY OF GRACE MINISTRY,718-845-6635,158-10 101ST ST.- HOWARD BEACH,QN,11414,TUE,10:30AM-12PM
81595,FPK,PROJECT L.E.A.D.,718-495-6210,85-12 126TH STREET (KEW GARDENS),QN,11415,SUN,7:30-9:30AM
85686,FP,QUEENS DEFENDERS NOT FOR PROFIT,347-727-7125,1922 MOTT AVENUE (FAR ROCKAWAY),QN,11691,WED,12-1PM
ID,TYPE,PROGRAM,ORG PHONE,DISTADD,STBO,DISTZIP,DAYS,HOURS
80957,FPK,QUEENS JEWISH COMMUNITY COUNCIL,718-544-9033,119-45 UNION TURNPIKE (FOREST HILLS),QN,11375,M-THUR,11AM-2PM
82976,FP,QUEENSBORO TEMPLE SEVENTH DAY ADVENTIST CHURCH,718-776-8538,96-50 222ND STREET,QN,11429,WED,1-4PM
85707,FP,RCA CAMBRIA HEIGHTS COMMUNITY CHURCH FP,718-528-2138,116-12 220 STREET (CAMBRIA HEIGHTS),QN,11411,SAT (4TH),9-11AM
84258,FP,RIVER FUND,718-442-1125,89-11 LEFFERTS BLVD (RICHMOND HILL),QN,11418,"WED,SAT",9-11:30AM
84105,FP,SAINT TERESA CHURCH - SAINT VINCENT DePAUL SOCIETY,(718) 784-2123,50-20 45TH STREET (WOODSIDE),QN,11377,TUE,4-5:30PM
80941,FPK,SAM FIELD Y,718-704-8160,58-25 LITTLE NECK PKWY (LITTLE NECK),QN,11362,M/TUE/W&THUR/F,9A-1P/11A-2P/9A-2P/9A-12P
85306,FP,SECOND CHANCE AGAPE WORSHIP CENTER,917-416-3697,200-12 HOLLIS AVENUE,QN,11412,THUR,12-2PM
85556,FP,SINGH FAMILY CHARITY INC,718-480-6700,121-13 SUTPHIN BLVD,QN,11434,SAT,8-10AM
82054,FP,SOLID ROCK SEVENTH DAY ADVENTIST CHURCH,718-474-9306,5205 ROCKAWAY BEACH BLVD,QN,11691,WED,10-11AM
85383,FP,SOUTH ASIAN COUNCIL FOR SOCIAL SERVICES,718-321-7929,143-02 45TH AVENUE,QN,11355,"WED,THUR",9:30AM-1PM
81558,FP,SOUTH OZONE PARK SEVENTH DAY ADVENTIST CHURCH,718-322-9210,120-12 140TH STREET,QN,11436,WED,12-2PM
84142,FP,ST. ALBANS BAPTIST CHURCH,718-723-8005,196-20 119TH AVENUE (ST. ALBANS),QN,11412,"SAT (1,3)",10AM-12PM
85085,FP,ST. MARK AME CHURCH/THE VOICE OF HAGAR,718-205-0506,95-18 NORTHERN BLVD,QN,11372,TUE,10AM-12:30PM
80995,FP,ST. MARY STAR OF THE SEA,(718) 327-1133,19-20 NEW HAVEN AVENUE,QN,11691,"TUE,FRI(1,3,5)/(2,4)",1-3PM/1-3:30PM
80997,FP,ST. NICHOLAS OF TOLENTINE CHURCH- F.P.,(718) 969-3226,150-75 GOETHALS AVENUE,QN,11432,THUR,9AM-12PM
85814,FP,ST. PETERS - YVONNE GITTENS FOOD,718-360-7650,137-28 244TH STREET,QN,11422,SAT,11-1PM
83628,FP,ST. RAPHAEL CHURCH FOOD PANTRY,(718) 729-8957,"35-20 GREENPOINT AVE, LIC",QN,11101,THUR/SAT,10:3A-12P/1:3-3P
81001,FP,ST. TERESA OF AVILA COMMUNITY SERVICES,718-529-3587,129-04 109TH AVENUE,QN,11420,"MON,THUR",9-10:30AM
81780,FP,TABERNACLE OF PRAYER,(718) 657-4210,90-07 MERRICK BLVD,QN,11432,WED,10-11:30AM
85022,FPV,TAURUS ASSOCIATES INC.,718-526-2177,240-08 135TH AVENUE,QN,11422,WED,3-5PM
83567,FP,"THE HARDING FORD VISION, INC",347-661-7382,"157-22 TUSKEGEE AIRMEN WAY, JAMAICA",QN,11433,WED/SAT,10AM-12PM/2-4PM
85348,FP,THE LEGACY CENTER COMMUNITY DEVELOPMENT CORP,718-456-4852,71-02 CYPRESS HILL STREET (GLENDALE),QN,11385,THUR,9AM-1PM
85601,FP,THE OZONE PARK PANTRY,646-851-0885,83-10 ROCKAWAY BLVD (OZONE PARK),QN,11416,SAT,10:30AM - 1PM
80972,FP,THE SALVATION ARMY JAMAICA CITADEL CORPS,(718) 297-4860,90-23 161ST STREET,QN,11432,"TUE,THUR",10AM-1PM
80973,SK,THE SALVATION ARMY JAMAICA CITADEL CORPS,(718) 297-4860,90-23 161ST STREET,QN,11432,MON-WED,12PM-1PM
80892,FP,THE SALVATION ARMY QUEENS TEMPLE CORP,(718) 335-3693,86-07 35TH AVENUE,QN,11372,MON-FRI,11:30AM-1PM
83561,SK,THE SALVATION ARMY QUEENS TEMPLE CORP,(718) 335-3693,86-07 35TH AVENUE,QN,11372,THUR,10-11AM
85546,FP,UNION UNITED FOOD PANTRY,718-529-3691,126-22 150TH STREET,QN,11436,FRI(3),12-3PM
81151,FP,UNITED METHODIST CENTER IN FAR ROCKAWAY,(718) 327-5071,1032 BEACH 19TH STREET (NEAR MOTT AVE),QN,11691,"TUE,THUR",9:30-11AM
ID,TYPE,PROGRAM,ORG PHONE,DISTADD,STBO,DISTZIP,DAYS,HOURS
81150,SK,UNITED METHODIST CENTER IN FAR ROCKAWAY,(718) 327-5071,1032 BEACH 19TH STREET (NEAR MOTT AVE),QN,11691,MON-FRI,12-1PM & 4:30-5:30PM
85238,FPV,V.E.T.S. INC,718-206-2376,111-16 173RD STREET,QN,11433,FRI,10AM-12PM
85773,FPV,VETERAN IN COMMAND,NONE PROVIDED,116-16 ROCKAWAY BEACH BLVD (FAR ROCKAWAY),QN,11694,TUE,2:30-5PM
85284,FPV,"VETS INC, HOLLIS GARDENS",646-261-1973,202-14 HOLLIS AVENUE,QN,11429,THUR,3-5PM
85448,FPV,VFW #5298,516-582-5426,143-17 SPRINGFIELD BLVD,QN,11413,WED,2-5PM
85597,FP,WE CARE PANTRY,718-774-7041,201-14 HOLLIS AVENUE,QN,11412,"SAT(2,4)",10AM-12PM
85694,FP,WOODBINE,646-824-6064,585 WOODWARD AVENUE (RIDGEWOOD),QN,11385,"MON,WED",9:30-10AM
85725,FP,WORSHIP CHRISTIAN CENTER INC,631-482-0758,113-16 FARMERS BLVD,QN,11412,"FRI,SAT",10AM-1PM
85535,FP,YESHUA WORLDWIDE MINISTRIES FOOD PANTRY,347-507-1689,7911 CALDWELL AVENUE (MIDDLE VILLAGE),QN,11379,"THUR,SAT",10AM-1PM
85163,FPH,ZION TABERNACLE F.B.H. CHURCH,718-717-9993,105-01 107 AVENUE (OZONE PARK),QN,11417,TUE,1-3PM
85730,FP,BAIT-UL JAMAAT-HOUSE COMMUNITY INC,347-289-7991,192 CORSON AVENUE,SI,10301,"THUR (1,3)",11AM-3PM
85486,FP,CALVARY ASSEMBLY OF GOD,718-356-4555,4055 RICHMOND AVENUE,SI,10312,THUR,11AM-12:30PM
85380,FP,CHRIST ABUNDANT LIFE MINISTRIES,718-273-0372,121 GRANDVIEW AVENUE,SI,10303,THUR,5:30-6:30PM
81559,FP,CHRISTIAN PENTECOSTAL CHURCH,(718) 273-5850,900 RICHMOND ROAD,SI,10304,TUE,2-4PM
85356,FPM,CITY HARVEST - STAPLETON MOBILE MARKET,646-412-0740,75 HILL STREET,SI,10304,"TUE(1),SAT(3)",9:30-11:30AM
84770,FP,COMMUNITY HEALTH ACTION OF STATEN ISLAND,718-808-1477,2134 RICHMOND TERRACE,SI,10302,"TU,SAT/W/F",10A-2P/2-6P/12-4P
81046,FP,FEEDING WITH TLC INC,(718) 447-0526,309 ST. PAULS AVENUE,SI,10304,SAT,10:30AM-12:30PM
81047,SK,FEEDING WITH TLC INC SOUP KITCHEN,718-447-0526,175 BEACH STREET,SI,10304,SAT,10:30AM-12:30PM
85752,FP,HEALTH ESSENTIAL ASSOCIATION INC,607-689-6618,322 NEW DORP LANE,SI,10306,TUE(2ND),10:30-11:30AM
83197,FPK,JEWISH COMMUNITY CENTER OF STATEN ISLAND,718-475-5242,1466 MANOR ROAD,SI,10314,M-W/THUR/FRI,9A-5P/ 9A-6:30P/9A-3P
81028,FPK,MESIVTHA OF STATEN ISLAND,718-356-5412,1870 DRUMGOOLE ROAD EAST,SI,10309,WED,11AM-12PM
83656,FP,OUR LADY OF GOOD COUNSEL CHURCH (STATEN ISLAND),718-447-1503,42 AUSTIN PLACE,SI,10304,SAT,9:30-11AM
81033,FP,"PROJECT HOSPITALITY, INC.",(718) 815-0800,205 CANAL STREET,SI,10304,"TUE, THUR",9-11AM
81034,SK,"PROJECT HOSPITALITY, INC.",(718) 815-0800,211 CANAL STREET,SI,10304,"TUE, THUR",11:30AM - 1PM
85454,FP,REACH OUT AND TOUCH FOOD PANTRY,718-442-5007,51 COTTAGE PLACE,SI,10302,"SAT(1,2,4,5)/SAT(3)",12-1PM/11AM-1PM
85449,FP,SKYLIGHT CENTER,718-720-2585,307 ST. MARKS PLACE,SI,10301,TUE,2-3PM
87357,FP,ST. EDWARD FOOD PANTRY,(718) 984-1625,6581 HYLAN BOULEVARD,SI,10309,FRI,10AM-1PM
82139,FP,STAPLETON U.A.M.E. CHURCH,(718) 273-2857,49 TOMPKINS AVE,SI,10304,"TUE,FRI",10AM-1PM
81360,SK,STAPLETON U.A.M.E. CHURCH,(718) 273-2857,49 TOMPKINS AVENUE,SI,10304,MON/WED,3-4PM/12-1PM
81039,FP,THE SALVATION ARMY STAPLETON CORPS,(718) 448-8480,15 BROAD STREET,SI,10304,TUE-THUR,12-1:30PM
81040,SK,THE SALVATION ARMY STAPLETON CORPS,(718) 448-8480,15 BROAD STREET,SI,10304,"MON,FRI",11:30AM-1PM
85326,FP,"UNITED CHURCH OF PRAISE INTERNATIONAL MINISTRIES, INC",718-314-8779,487 VANDERBILT AVENUE,SI,10304,"FRI,SUN",1-3PM